1,-0.00010,-0.00013,0.00005,1.00000,-0.00022,-0.00022,0.00007,0.00000,0.00000,0.00000,
1,-0.00012,-0.00013,0.00005,1.00000,-0.00029,-0.00026,0.00027,0.00000,0.00000,0.00000,
1,-0.00013,-0.00014,0.00007,1.00000,-0.00032,-0.00033,0.00042,0.00000,0.00000,0.00000,
1,-0.00011,-0.00013,0.00007,1.00000,-0.00038,-0.00034,0.00036,0.00000,0.00000,0.00000,
1,-0.00009,-0.00028,0.00027,1.00000,-0.00077,-0.00114,0.00120,0.00000,0.00000,0.00000,
1,-0.00006,-0.00022,0.00031,1.00000,-0.00142,-0.00154,0.00122,0.00000,0.00000,0.00000,
1,0.00002,-0.00003,0.00024,1.00000,-0.00143,-0.00129,0.00028,0.00000,0.00000,0.00000,
1,0.00021,-0.00005,0.00035,1.00000,-0.00116,-0.00098,-0.00042,0.00000,0.00000,0.00000,
1,0.00238,-0.00091,-0.00013,0.99998,-0.00312,-0.00063,-0.00603,0.00000,0.00000,0.00000,
1,0.00763,-0.00057,-0.00215,0.99997,0.00051,0.00723,0.00329,0.00000,0.00000,0.00000,
1,0.01917,0.00325,-0.00793,0.99881,0.00752,0.03017,0.03752,0.00000,0.00000,0.00000,
1,0.02838,0.00541,-0.01237,0.99742,0.01190,0.03739,0.06016,0.00000,0.00000,0.00000,
1,0.03455,0.00359,-0.01383,0.99891,0.01185,0.01637,0.04198,0.00000,0.00000,0.00000,
1,0.04018,0.00268,-0.01336,0.99982,0.01025,0.00373,0.01533,0.00000,0.00000,0.00000,
1,0.05485,-0.00024,-0.02012,0.99989,0.00798,0.00828,0.00984,0.00000,0.00000,0.00000,
1,0.07097,-0.00236,-0.02606,0.99990,0.01036,0.00233,0.00920,0.00000,0.00000,0.00000,
1,0.09524,-0.00600,-0.03522,0.99990,0.01251,-0.00689,0.00202,0.00000,0.00000,0.00000,
1,0.12993,-0.00907,-0.04773,0.99983,0.01535,0.00578,0.00872,0.00000,0.00000,0.00000,
1,0.16831,-0.01202,-0.06243,0.99949,0.02032,0.01754,0.01728,0.00000,0.00000,0.00000,
1,0.20671,-0.01592,-0.07568,0.99943,0.02586,0.01739,0.01329,0.00000,0.00000,0.00000,
1,0.24854,-0.01808,-0.09107,0.99884,0.03112,0.02764,0.02413,0.00000,0.00000,0.00000,
1,0.28729,-0.02139,-0.10617,0.99818,0.03732,0.03425,0.03258,0.00000,0.00000,0.00000,
1,0.32428,-0.02419,-0.12222,0.99857,0.03964,0.02980,0.02021,0.00000,0.00000,0.00000,
1,0.35921,-0.02881,-0.13710,0.99849,0.03858,0.03518,0.01680,0.00000,0.00000,0.00000,
1,0.38748,-0.02844,-0.15550,0.99731,0.04265,0.04894,0.03393,0.00000,0.00000,0.00000,
1,0.41802,-0.03296,-0.16016,0.99630,0.04927,0.05356,0.04574,0.00000,0.00000,0.00000,
1,0.43355,-0.03230,-0.17146,0.99562,0.04963,0.06187,0.04952,0.00000,0.00000,0.00000,
1,0.43283,-0.02381,-0.16886,0.99421,0.04454,0.08092,0.05494,0.00000,0.00000,0.00000,
1,0.42119,-0.02148,-0.16532,0.99476,0.04147,0.07924,0.04955,0.00000,0.00000,0.00000,
1,0.39795,-0.02553,-0.15564,0.99698,0.03840,0.06025,0.03047,0.00000,0.00000,0.00000,
1,0.37353,-0.02784,-0.14729,0.99788,0.03762,0.04901,0.02063,0.00000,0.00000,0.00000,
1,0.34327,-0.02625,-0.13473,0.99788,0.03550,0.05020,0.02156,0.00000,0.00000,0.00000,
1,0.30711,-0.02599,-0.11252,0.99829,0.03094,0.04710,0.01534,0.00000,0.00000,0.00000,
1,0.26799,-0.02445,-0.09978,0.99860,0.03071,0.04158,0.01133,0.00000,0.00000,0.00000,
1,0.22638,-0.02332,-0.07694,0.99868,0.02878,0.04194,0.00680,0.00000,0.00000,0.00000,
1,0.18493,-0.01774,-0.06467,0.99894,0.02289,0.03974,-0.00391,0.00000,0.00000,0.00000,
1,0.14646,-0.01589,-0.04770,0.99903,0.01840,0.03910,-0.00899,0.00000,0.00000,0.00000,
1,0.12148,-0.00791,-0.06350,0.99901,0.01906,0.03170,-0.02482,0.00000,0.00000,0.00000,
1,0.11918,-0.00997,-0.06444,0.99877,0.02097,0.02206,-0.03915,0.00000,0.00000,0.00000,
1,0.14612,-0.01125,-0.07480,0.99865,0.02570,0.03029,-0.03353,0.00000,0.00000,0.00000,
1,0.19088,-0.01392,-0.09565,0.99830,0.03149,0.04373,-0.02212,0.00000,0.00000,0.00000,
1,0.24627,-0.01838,-0.11770,0.99779,0.04210,0.05087,-0.00720,0.00000,0.00000,0.00000,
1,0.30144,-0.01986,-0.14409,0.99593,0.05227,0.07158,0.01633,0.00000,0.00000,0.00000,
1,0.34423,-0.03209,-0.16343,0.99408,0.05794,0.08621,0.03174,0.00000,0.00000,0.00000,
1,0.37504,-0.04818,-0.17351,0.99476,0.06023,0.07534,0.03390,0.00000,0.00000,0.00000,
1,0.39129,-0.04348,-0.18115,0.99439,0.06113,0.07689,0.03932,0.00000,0.00000,0.00000,
1,0.39060,-0.04627,-0.18169,0.99256,0.06315,0.09138,0.04979,0.00000,0.00000,0.00000,
1,0.38666,-0.04098,-0.17559,0.99251,0.06778,0.09243,0.04231,0.00000,0.00000,0.00000,
1,0.37161,-0.03121,-0.16356,0.99411,0.06385,0.08303,0.02778,0.00000,0.00000,0.00000,
1,0.38038,-0.02341,-0.16684,0.99531,0.04926,0.07904,0.02606,0.00000,0.00000,0.00000,
1,0.36862,-0.00505,-0.16305,0.99666,0.02820,0.07303,0.02314,0.00000,0.00000,0.00000,
1,0.34448,0.04620,-0.16195,0.99768,0.00728,0.06459,0.02013,0.00000,0.00000,0.00000,
1,0.29304,0.10372,-0.15127,0.99738,-0.01487,0.06463,0.02906,0.00000,0.00000,0.00000,
1,0.25685,0.16609,-0.14155,0.99682,-0.02569,0.06017,0.04545,0.00000,0.00000,0.00000,
1,0.22472,0.20947,-0.15094,0.99623,-0.04006,0.05395,0.05480,0.00000,0.00000,0.00000,
1,0.21330,0.23970,-0.15646,0.99545,-0.06066,0.04985,0.05391,0.00000,0.00000,0.00000,
1,0.18722,0.28497,-0.14719,0.99476,-0.07221,0.04688,0.05510,0.00000,0.00000,0.00000,
1,0.20932,0.24852,-0.14003,0.99438,-0.07854,0.04670,0.05348,0.00000,0.00000,0.00000,
1,0.21735,0.23256,-0.09060,0.99530,-0.07649,0.03977,0.04420,0.00000,0.00000,0.00000,
1,0.24000,0.20213,-0.09058,0.99471,-0.07737,0.04931,0.04624,0.00000,0.00000,0.00000,
1,0.25713,0.16751,-0.06029,0.99396,-0.07602,0.05633,0.05562,0.00000,0.00000,0.00000,
1,0.27149,0.13205,-0.02850,0.99418,-0.07063,0.05109,0.06336,0.00000,0.00000,0.00000,
1,0.28477,0.09244,-0.00259,0.99370,-0.06722,0.05301,0.07239,0.00000,0.00000,0.00000,
1,0.29718,0.04842,0.01709,0.99359,-0.06129,0.05281,0.07891,0.00000,0.00000,0.00000,
1,0.30637,0.00357,0.02843,0.99441,-0.05618,0.04325,0.07821,0.00000,0.00000,0.00000,
1,0.33323,-0.03389,0.04309,0.99539,-0.05427,0.03242,0.07208,0.00000,0.00000,0.00000,
1,0.33249,-0.07142,0.03892,0.99530,-0.05488,0.03725,0.07058,0.00000,0.00000,0.00000,
1,0.34196,-0.10275,0.04492,0.99545,-0.05508,0.03820,0.06771,0.00000,0.00000,0.00000,
1,0.33563,-0.12827,0.04764,0.99642,-0.05254,0.03007,0.05901,0.00000,0.00000,0.00000,
1,0.32440,-0.14005,0.04506,0.99687,-0.05234,0.02377,0.05419,0.00000,0.00000,0.00000,
1,0.30654,-0.12356,0.03753,0.99676,-0.05404,0.02718,0.05301,0.00000,0.00000,0.00000,
1,0.29238,-0.12546,0.03510,0.99643,-0.06206,0.02813,0.04981,0.00000,0.00000,0.00000,
1,0.27466,-0.10837,0.02235,0.99637,-0.06794,0.02005,0.04714,0.00000,0.00000,0.00000,
1,0.27206,-0.07929,0.01176,0.99589,-0.07739,0.01862,0.04317,0.00000,0.00000,0.00000,
1,0.26827,-0.02939,0.00249,0.99447,-0.08467,0.02798,0.05554,0.00000,0.00000,0.00000,
1,0.25408,-0.01407,0.00734,0.99393,-0.08983,0.02586,0.05804,0.00000,0.00000,0.00000,
1,0.25738,0.00411,-0.02411,0.99412,-0.09765,0.01130,0.04538,0.00000,0.00000,0.00000,
1,0.25159,0.04603,-0.04447,0.99340,-0.10731,0.01136,0.03898,0.00000,0.00000,0.00000,
1,0.25436,0.09740,-0.08783,0.99176,-0.11484,0.03006,0.04809,0.00000,0.00000,0.00000,
1,0.24050,0.15156,-0.06749,0.99043,-0.11939,0.04100,0.05574,0.00000,0.00000,0.00000,
1,0.24325,0.17903,-0.12945,0.98931,-0.13024,0.03956,0.05237,0.00000,0.00000,0.00000,
1,0.23669,0.18672,-0.12737,0.98868,-0.13784,0.03319,0.04905,0.00000,0.00000,0.00000,
1,0.22660,0.21656,-0.15762,0.98797,-0.14109,0.02972,0.05590,0.00000,0.00000,0.00000,
1,0.23528,0.21075,-0.16650,0.98791,-0.13593,0.03224,0.06724,0.00000,0.00000,0.00000,
1,0.24896,0.18567,-0.16576,0.98909,-0.12315,0.03432,0.07322,0.00000,0.00000,0.00000,
1,0.25044,0.17652,-0.15940,0.99043,-0.10213,0.04274,0.08244,0.00000,0.00000,0.00000,
1,0.26932,0.11522,-0.14531,0.98956,-0.08592,0.06099,0.09837,0.00000,0.00000,0.00000,
1,0.27410,0.07615,-0.13381,0.98916,-0.07440,0.07010,0.10540,0.00000,0.00000,0.00000,
1,0.24150,0.02708,-0.10430,0.99086,-0.07054,0.06323,0.09604,0.00000,0.00000,0.00000,
1,0.20434,-0.00499,-0.07576,0.99326,-0.06595,0.04837,0.08210,0.00000,0.00000,0.00000,
1,0.16787,-0.03020,-0.05744,0.99464,-0.06163,0.03831,0.07369,0.00000,0.00000,0.00000,
1,0.14666,-0.04025,-0.04940,0.99555,-0.06414,0.02721,0.06347,0.00000,0.00000,0.00000,
1,0.11953,-0.05007,-0.03416,0.99639,-0.06913,0.01111,0.04806,0.00000,0.00000,0.00000,
1,0.09022,-0.06145,-0.02337,0.99643,-0.07656,0.00233,0.03553,0.00000,0.00000,0.00000,
1,0.05752,-0.06691,-0.02266,0.99583,-0.08460,0.00539,0.03366,0.00000,0.00000,0.00000,
1,0.02411,-0.06891,-0.00434,0.99553,-0.08724,0.00175,0.03605,0.00000,0.00000,0.00000,
1,0.03496,-0.06420,-0.00053,0.99541,-0.09060,-0.01563,0.02675,0.00000,0.00000,0.00000,
1,-0.00137,-0.08438,0.01408,0.99539,-0.09067,-0.02362,0.02046,0.00000,0.00000,0.00000,
1,0.02367,-0.08569,0.01014,0.99541,-0.09161,-0.01396,0.02376,0.00000,0.00000,0.00000,
1,0.02224,-0.08647,0.01199,0.99527,-0.09225,-0.00464,0.02995,0.00000,0.00000,0.00000,
1,0.02159,-0.08559,0.01061,0.99518,-0.09323,0.00232,0.03039,0.00000,0.00000,0.00000,
1,0.02115,-0.08643,0.01072,0.99513,-0.09363,0.00784,0.02994,0.00000,0.00000,0.00000,
1,0.02146,-0.08613,0.01103,0.99512,-0.09360,0.00820,0.03002,0.00000,0.00000,0.00000,
1,0.02140,-0.08622,0.01100,0.99512,-0.09352,0.00821,0.03031,0.00000,0.00000,0.00000,
1,0.02225,-0.08543,0.01143,0.99519,-0.09223,0.00617,0.03232,0.00000,0.00000,0.00000,
1,0.02342,-0.08526,0.00980,0.99515,-0.09337,0.00829,0.02978,0.00000,0.00000,0.00000,
1,0.02359,-0.08526,0.00994,0.99513,-0.09345,0.00813,0.03029,0.00000,0.00000,0.00000,
1,0.02317,-0.08537,0.00991,0.99513,-0.09329,0.00836,0.03067,0.00000,0.00000,0.00000,
1,0.02316,-0.08547,0.00992,0.99513,-0.09317,0.00840,0.03100,0.00000,0.00000,0.00000,
1,0.02315,-0.08549,0.01000,0.99513,-0.09307,0.00836,0.03122,0.00000,0.00000,0.00000,
1,0.02319,-0.08549,0.00992,0.99513,-0.09313,0.00834,0.03110,0.00000,0.00000,0.00000,
1,0.02253,-0.08544,0.01025,0.99513,-0.09313,0.00840,0.03108,0.00000,0.00000,0.00000,
1,0.02282,-0.08538,0.01017,0.99513,-0.09322,0.00838,0.03084,0.00000,0.00000,0.00000,
1,0.02312,-0.08540,0.00999,0.99513,-0.09323,0.00833,0.03081,0.00000,0.00000,0.00000,
1,0.02321,-0.08539,0.00996,0.99513,-0.09323,0.00833,0.03080,0.00000,0.00000,0.00000,
1,0.02318,-0.08539,0.00990,0.99513,-0.09326,0.00831,0.03079,0.00000,0.00000,0.00000,
1,0.02312,-0.08539,0.00997,0.99513,-0.09322,0.00833,0.03090,0.00000,0.00000,0.00000,
1,0.02312,-0.08540,0.00999,0.99513,-0.09320,0.00831,0.03094,0.00000,0.00000,0.00000,
1,0.02313,-0.08540,0.00992,0.99513,-0.09324,0.00833,0.03088,0.00000,0.00000,0.00000,
1,0.02312,-0.08540,0.00998,0.99513,-0.09321,0.00833,0.03093,0.00000,0.00000,0.00000,
1,0.02314,-0.08541,0.00993,0.99513,-0.09324,0.00834,0.03089,0.00000,0.00000,0.00000,
1,0.02313,-0.08539,0.00994,0.99513,-0.09324,0.00833,0.03088,0.00000,0.00000,0.00000,
1,0.02312,-0.08539,0.00992,0.99513,-0.09324,0.00833,0.03088,0.00000,0.00000,0.00000,
1,0.02319,-0.08541,0.00991,0.99513,-0.09323,0.00831,0.03091,0.00000,0.00000,0.00000,
1,0.02318,-0.08541,0.00997,0.99513,-0.09322,0.00831,0.03093,0.00000,0.00000,0.00000,
1,0.02313,-0.08540,0.01000,0.99513,-0.09323,0.00831,0.03091,0.00000,0.00000,0.00000,
1,0.02313,-0.08540,0.01001,0.99513,-0.09323,0.00830,0.03092,0.00000,0.00000,0.00000,
1,0.02315,-0.08540,0.00995,0.99513,-0.09324,0.00832,0.03090,0.00000,0.00000,0.00000,
1,0.02315,-0.08541,0.00993,0.99513,-0.09326,0.00831,0.03087,0.00000,0.00000,0.00000,
1,0.02315,-0.08540,0.00994,0.99513,-0.09325,0.00832,0.03088,0.00000,0.00000,0.00000,
1,0.02313,-0.08539,0.01000,0.99513,-0.09322,0.00830,0.03091,0.00000,0.00000,0.00000,
1,0.02315,-0.08539,0.00994,0.99513,-0.09323,0.00832,0.03090,0.00000,0.00000,0.00000,
1,0.02288,-0.08537,0.01017,0.99513,-0.09321,0.00833,0.03092,0.00000,0.00000,0.00000,
1,0.02285,-0.08539,0.01024,0.99513,-0.09320,0.00834,0.03096,0.00000,0.00000,0.00000,
1,0.02315,-0.08539,0.00994,0.99513,-0.09323,0.00833,0.03093,0.00000,0.00000,0.00000,
1,0.02315,-0.08539,0.00992,0.99513,-0.09324,0.00833,0.03091,0.00000,0.00000,0.00000,
1,0.02314,-0.08536,0.00997,0.99513,-0.09324,0.00829,0.03093,0.00000,0.00000,0.00000,
1,0.02318,-0.08541,0.00992,0.99513,-0.09317,0.00833,0.03094,0.00000,0.00000,0.00000,
1,0.02320,-0.08544,0.00992,0.99514,-0.09309,0.00832,0.03093,0.00000,0.00000,0.00000,
1,0.02316,-0.08530,0.00992,0.99508,-0.09367,0.00829,0.03112,0.00000,0.00000,0.00000,
1,0.02313,-0.08533,0.00995,0.99509,-0.09363,0.00826,0.03107,0.00000,0.00000,0.00000,
1,0.02318,-0.08518,0.00993,0.99513,-0.09304,0.00790,0.03150,0.00000,0.00000,0.00000,
1,0.02073,-0.08555,0.01067,0.99512,-0.09322,0.00847,0.03120,0.00000,0.00000,0.00000,
1,0.02329,-0.08549,0.00982,0.99515,-0.09297,0.00831,0.03090,0.00000,0.00000,0.00000,
1,0.02330,-0.08545,0.00986,0.99515,-0.09304,0.00833,0.03094,0.00000,0.00000,0.00000,
1,0.02331,-0.08539,0.00980,0.99512,-0.09331,0.00831,0.03095,0.00000,0.00000,0.00000,
1,0.02328,-0.08542,0.00986,0.99515,-0.09310,0.00828,0.03082,0.00000,0.00000,0.00000,
1,0.02328,-0.08546,0.00985,0.99516,-0.09297,0.00829,0.03075,0.00000,0.00000,0.00000,
1,0.02327,-0.08545,0.00985,0.99516,-0.09302,0.00832,0.03074,0.00000,0.00000,0.00000,
1,0.02327,-0.08543,0.00978,0.99515,-0.09313,0.00832,0.03072,0.00000,0.00000,0.00000,
1,0.02327,-0.08542,0.00983,0.99514,-0.09316,0.00826,0.03070,0.00000,0.00000,0.00000,
1,0.02329,-0.08543,0.00977,0.99514,-0.09318,0.00831,0.03074,0.00000,0.00000,0.00000,
1,0.02226,-0.08547,0.01005,0.99513,-0.09318,0.00839,0.03094,0.00000,0.00000,0.00000,
1,0.02330,-0.08542,0.00979,0.99512,-0.09329,0.00830,0.03093,0.00000,0.00000,0.00000,
1,0.02334,-0.08542,0.00978,0.99512,-0.09330,0.00832,0.03089,0.00000,0.00000,0.00000,
1,0.02335,-0.08542,0.00980,0.99513,-0.09324,0.00834,0.03091,0.00000,0.00000,0.00000,
1,0.02333,-0.08541,0.00982,0.99512,-0.09329,0.00833,0.03087,0.00000,0.00000,0.00000,
1,0.02329,-0.08543,0.00987,0.99513,-0.09325,0.00831,0.03092,0.00000,0.00000,0.00000,
1,0.02328,-0.08543,0.00989,0.99512,-0.09329,0.00830,0.03092,0.00000,0.00000,0.00000,
1,0.02328,-0.08543,0.00987,0.99513,-0.09326,0.00832,0.03089,0.00000,0.00000,0.00000,
1,0.02328,-0.08544,0.00988,0.99513,-0.09320,0.00831,0.03092,0.00000,0.00000,0.00000,
1,0.02328,-0.08544,0.00988,0.99513,-0.09323,0.00832,0.03091,0.00000,0.00000,0.00000,
1,0.02333,-0.08544,0.00979,0.99512,-0.09332,0.00832,0.03092,0.00000,0.00000,0.00000,
1,0.02332,-0.08544,0.00977,0.99513,-0.09325,0.00833,0.03087,0.00000,0.00000,0.00000,
1,0.02328,-0.08544,0.00983,0.99513,-0.09322,0.00831,0.03084,0.00000,0.00000,0.00000,
1,0.02332,-0.08544,0.00977,0.99513,-0.09322,0.00835,0.03086,0.00000,0.00000,0.00000,
1,0.02328,-0.08543,0.00982,0.99513,-0.09323,0.00828,0.03086,0.00000,0.00000,0.00000,
1,0.02327,-0.08544,0.00983,0.99513,-0.09323,0.00828,0.03087,0.00000,0.00000,0.00000,
1,0.02327,-0.08543,0.00983,0.99513,-0.09326,0.00827,0.03087,0.00000,0.00000,0.00000,
1,0.02331,-0.08544,0.00976,0.99513,-0.09328,0.00829,0.03084,0.00000,0.00000,0.00000,
1,0.02330,-0.08544,0.00976,0.99513,-0.09326,0.00832,0.03087,0.00000,0.00000,0.00000,
1,0.02331,-0.08542,0.00974,0.99512,-0.09338,0.00836,0.03084,0.00000,0.00000,0.00000,
1,0.02332,-0.08542,0.00975,0.99512,-0.09335,0.00840,0.03087,0.00000,0.00000,0.00000,
1,0.02334,-0.08524,0.00971,0.99515,-0.09291,0.00802,0.03136,0.00000,0.00000,0.00000,
1,0.02334,-0.08523,0.00972,0.99515,-0.09288,0.00801,0.03142,0.00000,0.00000,0.00000,
1,0.02332,-0.08546,0.00976,0.99512,-0.09328,0.00837,0.03091,0.00000,0.00000,0.00000,
1,0.02329,-0.08543,0.00980,0.99512,-0.09329,0.00832,0.03091,0.00000,0.00000,0.00000,
1,0.02329,-0.08545,0.00982,0.99513,-0.09322,0.00835,0.03090,0.00000,0.00000,0.00000,
1,0.02330,-0.08545,0.00983,0.99513,-0.09322,0.00835,0.03088,0.00000,0.00000,0.00000,
1,0.02333,-0.08546,0.00974,0.99513,-0.09326,0.00836,0.03086,0.00000,0.00000,0.00000,
1,0.02332,-0.08543,0.00980,0.99513,-0.09326,0.00838,0.03093,0.00000,0.00000,0.00000,
1,0.02338,-0.08544,0.00972,0.99513,-0.09327,0.00840,0.03092,0.00000,0.00000,0.00000,
1,0.02332,-0.08544,0.00980,0.99513,-0.09326,0.00842,0.03086,0.00000,0.00000,0.00000,
1,0.02334,-0.08523,0.00978,0.99515,-0.09294,0.00811,0.03135,0.00000,0.00000,0.00000,
1,0.02328,-0.08544,0.00988,0.99513,-0.09328,0.00838,0.03084,0.00000,0.00000,0.00000,
1,0.02330,-0.08543,0.00981,0.99513,-0.09328,0.00841,0.03081,0.00000,0.00000,0.00000,
1,0.02337,-0.08544,0.00973,0.99513,-0.09324,0.00838,0.03084,0.00000,0.00000,0.00000,
1,0.02335,-0.08546,0.00979,0.99513,-0.09325,0.00830,0.03085,0.00000,0.00000,0.00000,
1,0.02330,-0.08559,0.00988,0.99515,-0.09302,0.00808,0.03098,0.00000,0.00000,0.00000,
1,0.02332,-0.08530,0.00982,0.99518,-0.09245,0.00773,0.03166,0.00000,0.00000,0.00000,
1,0.02329,-0.08554,0.01004,0.99514,-0.09307,0.00817,0.03096,0.00000,0.00000,0.00000,
1,0.02340,-0.08554,0.00985,0.99514,-0.09309,0.00828,0.03098,0.00000,0.00000,0.00000,
1,0.01999,-0.08559,0.01088,0.99515,-0.09285,0.00943,0.03124,0.00000,0.00000,0.00000,
1,0.01994,-0.08522,0.01117,0.99524,-0.09173,0.00947,0.03139,0.00000,0.00000,0.00000,
1,0.02398,-0.08535,0.01107,0.99528,-0.09138,0.01050,0.03082,0.00000,0.00000,0.00000,
1,0.02760,-0.08408,0.01277,0.99488,-0.09439,0.01817,0.03128,0.00000,0.00000,0.00000,
1,0.03709,-0.08211,0.01600,0.99422,-0.09742,0.03234,0.03150,0.00000,0.00000,0.00000,
1,0.04178,-0.07337,0.02041,0.99369,-0.09802,0.04520,0.03049,0.00000,0.00000,0.00000,
1,0.04837,-0.08251,0.02931,0.99343,-0.09813,0.05118,0.02921,0.00000,0.00000,0.00000,
1,0.07396,-0.05843,0.05186,0.99355,-0.09513,0.05531,0.02734,0.00000,0.00000,0.00000,
1,0.14790,-0.05621,0.00451,0.99395,-0.09181,0.05467,0.02540,0.00000,0.00000,0.00000,
1,0.18556,-0.05750,-0.00553,0.99429,-0.08952,0.05324,0.02339,0.00000,0.00000,0.00000,
1,0.21725,-0.05721,-0.01006,0.99486,-0.08853,0.04452,0.02080,0.00000,0.00000,0.00000,
1,0.22944,-0.05714,-0.00536,0.99536,-0.08670,0.03700,0.01953,0.00000,0.00000,0.00000,
1,0.23008,-0.06084,0.00994,0.99571,-0.08457,0.03203,0.01951,0.00000,0.00000,0.00000,
1,0.23614,-0.06284,0.02092,0.99598,-0.08233,0.02924,0.01988,0.00000,0.00000,0.00000,
1,0.24571,-0.05553,0.00483,0.99613,-0.07991,0.03086,0.01963,0.00000,0.00000,0.00000,
1,0.28919,-0.07159,0.03796,0.99605,-0.07932,0.03570,0.01800,0.00000,0.00000,0.00000,
1,0.32995,-0.07718,0.04562,0.99592,-0.07858,0.04126,0.01656,0.00000,0.00000,0.00000,
1,0.37527,-0.08404,0.05119,0.99584,-0.07794,0.04408,0.01711,0.00000,0.00000,0.00000,
1,0.41278,-0.08951,0.06057,0.99579,-0.07674,0.04632,0.01941,0.00000,0.00000,0.00000,
1,0.44422,-0.09841,0.07783,0.99570,-0.07668,0.04837,0.01926,0.00000,0.00000,0.00000,
1,0.47815,-0.10048,0.10700,0.99567,-0.07684,0.04925,0.01754,0.00000,0.00000,0.00000,
1,0.50177,-0.11067,0.13507,0.99586,-0.07499,0.04907,0.01514,0.00000,0.00000,0.00000,
1,0.53798,-0.11706,0.11304,0.99636,-0.06898,0.04858,0.01226,0.00000,0.00000,0.00000,
1,0.55097,-0.12198,0.12765,0.99678,-0.06340,0.04797,0.01041,0.00000,0.00000,0.00000,
1,0.56087,-0.13153,0.14601,0.99700,-0.05977,0.04837,0.00868,0.00000,0.00000,0.00000,
1,0.56981,-0.13452,0.16306,0.99713,-0.05891,0.04747,0.00280,0.00000,0.00000,0.00000,
1,0.57501,-0.14328,0.18063,0.99708,-0.06057,0.04611,-0.00660,0.00000,0.00000,0.00000,
1,0.57923,-0.15460,0.19790,0.99689,-0.06269,0.04541,-0.01462,0.00000,0.00000,0.00000,
1,0.58014,-0.16847,0.21443,0.99720,-0.06184,0.03965,-0.01419,0.00000,0.00000,0.00000,
1,0.55025,-0.21362,0.26292,0.99788,-0.05634,0.03161,-0.00836,0.00000,0.00000,0.00000,
1,0.54690,-0.24408,0.29214,0.99863,-0.04607,0.02436,-0.00518,0.00000,0.00000,0.00000,
1,0.53072,-0.25936,0.32256,0.99907,-0.03646,0.02253,-0.00447,0.00000,0.00000,0.00000,
1,0.51866,-0.27525,0.35388,0.99922,-0.02894,0.02605,-0.00637,0.00000,0.00000,0.00000,
1,0.60210,-0.34388,0.37227,0.99934,-0.02260,0.02581,-0.01168,0.00000,0.00000,0.00000,
1,0.63015,-0.37441,0.40308,0.99927,-0.01467,0.03073,-0.01716,0.00000,0.00000,0.00000,
1,0.65420,-0.41315,0.43707,0.99907,-0.00516,0.03602,-0.02293,0.00000,0.00000,0.00000,
1,0.67650,-0.45349,0.47293,0.99861,0.00895,0.04048,-0.03252,0.00000,0.00000,0.00000,
1,0.69052,-0.49603,0.50900,0.99792,0.02947,0.03998,-0.04102,0.00000,0.00000,0.00000,
1,0.70267,-0.54730,0.54605,0.99668,0.05177,0.03787,-0.05020,0.00000,0.00000,0.00000,
1,0.70972,-0.60237,0.58939,0.99474,0.07624,0.03757,-0.05720,0.00000,0.00000,0.00000,
1,0.72566,-0.65117,0.62821,0.99226,0.09850,0.03764,-0.06553,0.00000,0.00000,0.00000,
1,0.74600,-0.70448,0.66289,0.98999,0.11530,0.03780,-0.07208,0.00000,0.00000,0.00000,
1,0.76861,-0.75826,0.69395,0.98819,0.12665,0.03795,-0.07743,0.00000,0.00000,0.00000,
1,0.80150,-0.81525,0.72334,0.98700,0.13402,0.03672,-0.08071,0.00000,0.00000,0.00000,
1,0.84423,-0.87296,0.75144,0.98631,0.13730,0.03554,-0.08411,0.00000,0.00000,0.00000,
1,0.88422,-0.92915,0.77896,0.98605,0.13885,0.03420,-0.08517,0.00000,0.00000,0.00000,
1,0.92029,-0.99173,0.80463,0.98599,0.13833,0.03398,-0.08680,0.00000,0.00000,0.00000,
1,0.95228,-1.05218,0.83396,0.98599,0.13743,0.03419,-0.08810,0.00000,0.00000,0.00000,
1,0.98033,-1.11437,0.86578,0.98603,0.13528,0.03548,-0.09047,0.00000,0.00000,0.00000,
1,0.99513,-1.17737,0.90360,0.98619,0.13273,0.03491,-0.09267,0.00000,0.00000,0.00000,
1,1.01120,-1.24989,0.94016,0.98632,0.13058,0.03491,-0.09438,0.00000,0.00000,0.00000,
1,1.02030,-1.32156,0.97963,0.98661,0.13112,0.03246,-0.09138,0.00000,0.00000,0.00000,
1,1.03266,-1.40032,1.01718,0.98620,0.13626,0.03036,-0.08901,0.00000,0.00000,0.00000,
1,1.05360,-1.47965,1.05149,0.98477,0.14673,0.03283,-0.08730,0.00000,0.00000,0.00000,
1,1.07746,-1.56078,1.08617,0.98228,0.16063,0.03872,-0.08852,0.00000,0.00000,0.00000,
1,1.11128,-1.64409,1.11714,0.97945,0.17504,0.03587,-0.09357,0.00000,0.00000,0.00000,
1,1.14632,-1.72673,1.14658,0.97706,0.18629,0.02935,-0.09890,0.00000,0.00000,0.00000,
1,1.17169,-1.79727,1.18242,0.97506,0.19449,0.02668,-0.10350,0.00000,0.00000,0.00000,
1,1.20251,-1.89055,1.21932,0.97284,0.20274,0.02483,-0.10891,0.00000,0.00000,0.00000,
1,1.23474,-1.97285,1.25222,0.96950,0.21388,0.02330,-0.11740,0.00000,0.00000,0.00000,
1,1.27269,-2.06769,1.28210,0.96526,0.22358,0.02209,-0.13343,0.00000,0.00000,0.00000,
1,1.30711,-2.16182,1.31612,0.96009,0.23754,0.02230,-0.14595,0.00000,0.00000,0.00000,
1,1.34694,-2.26089,1.34766,0.95454,0.25616,0.02372,-0.15059,0.00000,0.00000,0.00000,
1,1.37835,-2.36012,1.38827,0.94940,0.27193,0.02613,-0.15498,0.00000,0.00000,0.00000,
1,1.40870,-2.47117,1.42385,0.94577,0.28352,0.03106,-0.15549,0.00000,0.00000,0.00000,
1,1.42587,-2.54601,1.46488,0.94321,0.29280,0.03415,-0.15317,0.00000,0.00000,0.00000,
1,1.44582,-2.65109,1.50507,0.94164,0.29682,0.03950,-0.15379,0.00000,0.00000,0.00000,
1,1.46014,-2.75533,1.54991,0.94060,0.29849,0.04741,-0.15469,0.00000,0.00000,0.00000,
1,1.47001,-2.85559,1.58794,0.94023,0.29932,0.05337,-0.15337,0.00000,0.00000,0.00000,
1,1.47541,-2.96211,1.62981,0.93990,0.30028,0.06316,-0.14976,0.00000,0.00000,0.00000,
1,1.47778,-3.06074,1.65803,0.94019,0.30015,0.06461,-0.14759,0.00000,0.00000,0.00000,
1,1.47811,-3.16236,1.68512,0.93942,0.30351,0.05992,-0.14760,0.00000,0.00000,0.00000,
1,1.48385,-3.26125,1.70623,0.93724,0.30906,0.05179,-0.15293,0.00000,0.00000,0.00000,
1,1.49366,-3.36057,1.71403,0.93470,0.31301,0.04746,-0.16158,0.00000,0.00000,0.00000,
1,1.50206,-3.46017,1.73385,0.93150,0.31833,0.04755,-0.16945,0.00000,0.00000,0.00000,
1,1.51691,-3.56013,1.73353,0.92736,0.32713,0.04927,-0.17482,0.00000,0.00000,0.00000,
1,1.53784,-3.66397,1.72099,0.92252,0.33796,0.05147,-0.17916,0.00000,0.00000,0.00000,
1,1.54507,-3.76426,1.70706,0.91858,0.34773,0.05486,-0.17965,0.00000,0.00000,0.00000,
1,1.55760,-3.87277,1.70866,0.91464,0.35598,0.06071,-0.18173,0.00000,0.00000,0.00000,
1,1.55130,-3.97330,1.69935,0.90991,0.36458,0.06629,-0.18640,0.00000,0.00000,0.00000,
1,1.54985,-4.07199,1.69868,0.90384,0.37826,0.06674,-0.18854,0.00000,0.00000,0.00000,
1,1.53325,-4.17139,1.68390,0.89671,0.39617,0.06684,-0.18572,0.00000,0.00000,0.00000,
1,1.50948,-4.27183,1.66313,0.88758,0.41619,0.06780,-0.18545,0.00000,0.00000,0.00000,
1,1.48308,-4.36210,1.63424,0.87745,0.43579,0.06412,-0.18989,0.00000,0.00000,0.00000,
1,1.44603,-4.45603,1.60000,0.86619,0.45497,0.05330,-0.19966,0.00000,0.00000,0.00000,
1,1.41398,-4.54148,1.56438,0.85302,0.47459,0.03971,-0.21341,0.00000,0.00000,0.00000,
1,1.38679,-4.62268,1.52815,0.83938,0.49427,0.02963,-0.22418,0.00000,0.00000,0.00000,
1,1.36827,-4.70339,1.49440,0.82690,0.51214,0.02322,-0.23111,0.00000,0.00000,0.00000,
1,1.35228,-4.78731,1.45768,0.81597,0.52572,0.01521,-0.23996,0.00000,0.00000,0.00000,
1,1.33663,-4.86397,1.42053,0.80855,0.53507,0.00907,-0.24467,0.00000,0.00000,0.00000,
1,1.32215,-4.94119,1.39592,0.80358,0.54129,0.00615,-0.24743,0.00000,0.00000,0.00000,
1,1.30987,-5.01869,1.37194,0.80105,0.54437,0.00491,-0.24890,0.00000,0.00000,0.00000,
1,1.29682,-5.10700,1.34770,0.79951,0.54631,0.00426,-0.24963,0.00000,0.00000,0.00000,
1,1.27568,-5.19615,1.33519,0.79994,0.54536,0.00311,-0.25036,0.00000,0.00000,0.00000,
1,1.24849,-5.28169,1.32222,0.80105,0.54370,0.00366,-0.25039,0.00000,0.00000,0.00000,
1,1.22951,-5.37337,1.31096,0.80282,0.54124,0.00229,-0.25008,0.00000,0.00000,0.00000,
1,1.21929,-5.46556,1.29977,0.80458,0.53807,-0.00155,-0.25124,0.00000,0.00000,0.00000,
1,1.21624,-5.56109,1.29515,0.80592,0.53603,-0.00401,-0.25131,0.00000,0.00000,0.00000,
1,1.21706,-5.66439,1.28621,0.80478,0.53721,-0.00067,-0.25245,0.00000,0.00000,0.00000,
1,1.21887,-5.76534,1.28342,0.80299,0.53839,0.00578,-0.25557,0.00000,0.00000,0.00000,
1,1.22287,-5.86208,1.28526,0.79875,0.54424,0.01170,-0.25626,0.00000,0.00000,0.00000,
1,1.21531,-5.98571,1.26953,0.79151,0.55326,0.01988,-0.25891,0.00000,0.00000,0.00000,
1,1.20999,-6.09945,1.25963,0.78040,0.56545,0.02839,-0.26540,0.00000,0.00000,0.00000,
1,1.20449,-6.20747,1.24798,0.76664,0.58141,0.03032,-0.27075,0.00000,0.00000,0.00000,
1,1.20508,-6.32670,1.22505,0.75233,0.59849,0.02918,-0.27380,0.00000,0.00000,0.00000,
1,1.21205,-6.43482,1.20970,0.74029,0.61159,0.02406,-0.27812,0.00000,0.00000,0.00000,
1,1.21230,-6.54065,1.19721,0.73110,0.62315,0.01785,-0.27723,0.00000,0.00000,0.00000,
1,1.20484,-6.65037,1.18840,0.72469,0.63104,0.01397,-0.27644,0.00000,0.00000,0.00000,
1,1.19732,-6.75241,1.18623,0.72054,0.63418,0.01563,-0.28000,0.00000,0.00000,0.00000,
1,1.19010,-6.87092,1.16998,0.71874,0.63450,0.02027,-0.28358,0.00000,0.00000,0.00000,
1,1.17917,-6.97455,1.16946,0.71783,0.63409,0.02537,-0.28635,0.00000,0.00000,0.00000,
1,1.16504,-7.07508,1.16715,0.71807,0.63352,0.02882,-0.28669,0.00000,0.00000,0.00000,
1,1.15285,-7.17293,1.16547,0.71902,0.63406,0.02588,-0.28339,0.00000,0.00000,0.00000,
1,1.13414,-7.26780,1.16208,0.72080,0.63352,0.01753,-0.28071,0.00000,0.00000,0.00000,
1,1.13027,-7.38097,1.14387,0.72264,0.63169,0.00939,-0.28047,0.00000,0.00000,0.00000,
1,1.13442,-7.48776,1.12510,0.72397,0.62839,0.00121,-0.28459,0.00000,0.00000,0.00000,
1,1.14169,-7.59274,1.11391,0.72526,0.62351,-0.01082,-0.29173,0.00000,0.00000,0.00000,
1,1.14144,-7.69656,1.11167,0.72600,0.61963,-0.01686,-0.29782,0.00000,0.00000,0.00000,
1,1.13910,-7.80139,1.11992,0.72665,0.62464,-0.00769,-0.28592,0.00000,0.00000,0.00000,
1,1.14208,-7.92545,1.11044,0.72725,0.63167,0.00901,-0.26836,0.00000,0.00000,0.00000,
1,1.14619,-8.03752,1.11789,0.72665,0.64127,0.02108,-0.24556,0.00000,0.00000,0.00000,
1,1.16722,-8.16282,1.10545,0.72644,0.64854,0.02127,-0.22633,0.00000,0.00000,0.00000,
1,1.18839,-8.27475,1.10184,0.72627,0.65263,0.01885,-0.21508,0.00000,0.00000,0.00000,
1,1.21834,-8.36634,1.10929,0.72582,0.65216,0.02692,-0.21714,0.00000,0.00000,0.00000,
1,1.26389,-8.45440,1.12021,0.72532,0.64744,0.03803,-0.23082,0.00000,0.00000,0.00000,
1,1.31569,-8.52099,1.12675,0.72453,0.64451,0.04386,-0.24028,0.00000,0.00000,0.00000,
1,1.37553,-8.58906,1.13320,0.72415,0.64173,0.04056,-0.24927,0.00000,0.00000,0.00000,
1,1.43645,-8.64467,1.14414,0.72403,0.63705,0.02775,-0.26301,0.00000,0.00000,0.00000,
1,1.50831,-8.70080,1.14473,0.72402,0.63280,0.01626,-0.27402,0.00000,0.00000,0.00000,
1,1.59086,-8.75612,1.14923,0.72349,0.63105,0.01040,-0.27970,0.00000,0.00000,0.00000,
1,1.65587,-8.81355,1.15143,0.72393,0.62990,0.00839,-0.28120,0.00000,0.00000,0.00000,
1,1.71827,-8.87536,1.15233,0.72457,0.62915,0.00642,-0.28129,0.00000,0.00000,0.00000,
1,1.78526,-8.94109,1.15803,0.72464,0.63094,0.00799,-0.27703,0.00000,0.00000,0.00000,
1,1.84949,-9.00395,1.16886,0.72760,0.63415,0.01223,-0.26134,0.00000,0.00000,0.00000,
1,1.90399,-9.06630,1.18080,0.73534,0.63220,0.02018,-0.24329,0.00000,0.00000,0.00000,
1,1.96742,-9.13488,1.19490,0.74614,0.62297,0.02635,-0.23343,0.00000,0.00000,0.00000,
1,2.01067,-9.19388,1.21341,0.75997,0.60835,0.02959,-0.22688,0.00000,0.00000,0.00000,
1,2.06076,-9.24809,1.23834,0.77640,0.58850,0.02915,-0.22365,0.00000,0.00000,0.00000,
1,2.11235,-9.28809,1.26110,0.79380,0.56649,0.02796,-0.21950,0.00000,0.00000,0.00000,
1,2.17088,-9.32757,1.29015,0.80742,0.54689,0.02091,-0.22031,0.00000,0.00000,0.00000,
1,2.22087,-9.35741,1.32598,0.81667,0.53244,0.01524,-0.22211,0.00000,0.00000,0.00000,
1,2.27355,-9.39787,1.36316,0.82337,0.52309,0.01099,-0.21981,0.00000,0.00000,0.00000,
1,2.32362,-9.43645,1.40369,0.82746,0.51921,0.00839,-0.21369,0.00000,0.00000,0.00000,
1,2.36893,-9.47196,1.44997,0.83150,0.51523,0.01189,-0.20738,0.00000,0.00000,0.00000,
1,2.41466,-9.51304,1.49958,0.83702,0.50850,0.01657,-0.20139,0.00000,0.00000,0.00000,
1,2.45133,-9.55208,1.54665,0.84180,0.50195,0.01815,-0.19770,0.00000,0.00000,0.00000,
1,2.49359,-9.59012,1.59705,0.84515,0.49741,0.01591,-0.19506,0.00000,0.00000,0.00000,
1,2.54078,-9.62487,1.64703,0.84745,0.49468,0.01033,-0.19239,0.00000,0.00000,0.00000,
1,2.59570,-9.66058,1.70330,0.84895,0.49362,0.00579,-0.18865,0.00000,0.00000,0.00000,
1,2.63274,-9.69709,1.75600,0.84991,0.49369,0.00722,-0.18401,0.00000,0.00000,0.00000,
1,2.67967,-9.73265,1.81745,0.85025,0.49269,0.01090,-0.18496,0.00000,0.00000,0.00000,
1,2.73343,-9.76287,1.88303,0.84983,0.49120,0.01413,-0.19057,0.00000,0.00000,0.00000,
1,2.78254,-9.78977,1.92928,0.84924,0.48941,0.01724,-0.19743,0.00000,0.00000,0.00000,
1,2.85042,-9.81725,1.99168,0.85082,0.48759,0.01413,-0.19535,0.00000,0.00000,0.00000,
1,2.92772,-9.84396,2.05462,0.85356,0.48680,0.01464,-0.18505,0.00000,0.00000,0.00000,
1,3.00625,-9.87282,2.12040,0.85595,0.48564,0.02435,-0.17583,0.00000,0.00000,0.00000,
1,3.07515,-9.89656,2.19368,0.85988,0.48081,0.02915,-0.16908,0.00000,0.00000,0.00000,
1,3.12773,-9.91463,2.27093,0.86619,0.46884,0.03058,-0.17022,0.00000,0.00000,0.00000,
1,3.17128,-9.92629,2.35825,0.87400,0.45362,0.03371,-0.17092,0.00000,0.00000,0.00000,
1,3.21351,-9.93749,2.44329,0.88275,0.43704,0.03717,-0.16841,0.00000,0.00000,0.00000,
1,3.25952,-9.94275,2.52482,0.88966,0.42415,0.03808,-0.16478,0.00000,0.00000,0.00000,
1,3.31244,-9.94731,2.61571,0.89398,0.41594,0.03702,-0.16255,0.00000,0.00000,0.00000,
1,3.36806,-9.95311,2.69212,0.89699,0.40997,0.03789,-0.16091,0.00000,0.00000,0.00000,
1,3.42756,-9.95568,2.76672,0.89846,0.40748,0.03956,-0.15864,0.00000,0.00000,0.00000,
1,3.49342,-9.95402,2.83845,0.89911,0.40720,0.03798,-0.15604,0.00000,0.00000,0.00000,
1,3.57583,-9.94923,2.89942,0.89936,0.40904,0.03342,-0.15075,0.00000,0.00000,0.00000,
1,3.65423,-9.94019,2.96608,0.89874,0.41195,0.03186,-0.14678,0.00000,0.00000,0.00000,
1,3.73453,-9.93135,3.03112,0.89797,0.41474,0.03349,-0.14328,0.00000,0.00000,0.00000,
1,3.80765,-9.91427,3.09905,0.89701,0.41761,0.03504,-0.14052,0.00000,0.00000,0.00000,
1,3.88644,-9.89719,3.17410,0.89606,0.41963,0.03641,-0.14021,0.00000,0.00000,0.00000,
1,3.95492,-9.87219,3.25368,0.89546,0.42192,0.03505,-0.13748,0.00000,0.00000,0.00000,
1,4.02017,-9.84515,3.32679,0.89634,0.42114,0.03326,-0.13460,0.00000,0.00000,0.00000,
1,4.08791,-9.80772,3.41453,0.89912,0.41458,0.03655,-0.13555,0.00000,0.00000,0.00000,
1,4.14802,-9.76781,3.50341,0.90165,0.40400,0.04899,-0.14631,0.00000,0.00000,0.00000,
1,4.20451,-9.72315,3.59729,0.90329,0.39637,0.05964,-0.15298,0.00000,0.00000,0.00000,
1,4.25580,-9.67459,3.68771,0.90505,0.39540,0.06507,-0.14252,0.00000,0.00000,0.00000,
1,4.30218,-9.62417,3.77210,0.90876,0.39160,0.06090,-0.13078,0.00000,0.00000,0.00000,
1,4.33070,-9.56372,3.86804,0.91205,0.38511,0.04998,-0.13174,0.00000,0.00000,0.00000,
1,4.36990,-9.50363,3.95917,0.91514,0.37991,0.03541,-0.13012,0.00000,0.00000,0.00000,
1,4.41106,-9.44056,4.04233,0.91721,0.37658,0.03260,-0.12590,0.00000,0.00000,0.00000,
1,4.44484,-9.37098,4.13360,0.91806,0.37381,0.04589,-0.12376,0.00000,0.00000,0.00000,
1,4.47840,-9.29988,4.22130,0.91802,0.37135,0.06375,-0.12359,0.00000,0.00000,0.00000,
1,4.50298,-9.22299,4.30951,0.91771,0.36917,0.07688,-0.12498,0.00000,0.00000,0.00000,
1,4.51955,-9.14184,4.39573,0.91832,0.36661,0.07308,-0.13019,0.00000,0.00000,0.00000,
1,4.53696,-9.05338,4.48524,0.91881,0.36514,0.06260,-0.13619,0.00000,0.00000,0.00000,
1,4.55586,-8.96737,4.55146,0.91964,0.36334,0.04980,-0.14056,0.00000,0.00000,0.00000,
1,4.58755,-8.87697,4.61064,0.91965,0.36041,0.04391,-0.14974,0.00000,0.00000,0.00000,
1,4.62822,-8.78923,4.67096,0.91879,0.36094,0.04181,-0.15427,0.00000,0.00000,0.00000,
1,4.68809,-8.70500,4.71970,0.91785,0.36143,0.04213,-0.15856,0.00000,0.00000,0.00000,
1,4.76193,-8.62243,4.76127,0.91715,0.36196,0.04183,-0.16145,0.00000,0.00000,0.00000,
1,4.83051,-8.54700,4.80357,0.91647,0.36380,0.04127,-0.16131,0.00000,0.00000,0.00000,
1,4.89661,-8.46834,4.83612,0.91592,0.36518,0.04189,-0.16122,0.00000,0.00000,0.00000,
1,4.95368,-8.39955,4.88103,0.91567,0.36816,0.03794,-0.15676,0.00000,0.00000,0.00000,
1,5.00049,-8.32218,4.92131,0.91579,0.37292,0.02450,-0.14719,0.00000,0.00000,0.00000,
1,5.04246,-8.25235,4.97104,0.91599,0.37472,0.00465,-0.14328,0.00000,0.00000,0.00000,
1,5.08323,-8.18322,5.02724,0.91616,0.37257,-0.00574,-0.14768,0.00000,0.00000,0.00000,
1,5.13505,-8.11872,5.09056,0.91601,0.37017,-0.00747,-0.15443,0.00000,0.00000,0.00000,
1,5.19155,-8.05903,5.15719,0.91588,0.36787,-0.00331,-0.16067,0.00000,0.00000,0.00000,
1,5.25591,-8.00678,5.22537,0.91589,0.36681,0.00160,-0.16307,0.00000,0.00000,0.00000,
1,5.33141,-7.96090,5.29847,0.91617,0.36685,0.00426,-0.16138,0.00000,0.00000,0.00000,
1,5.39851,-7.91561,5.37490,0.91625,0.36869,0.01065,-0.15634,0.00000,0.00000,0.00000,
1,5.46033,-7.87585,5.45929,0.91707,0.37160,0.01521,-0.14372,0.00000,0.00000,0.00000,
1,5.51446,-7.83771,5.54510,0.92018,0.36834,0.01940,-0.13119,0.00000,0.00000,0.00000,
1,5.57240,-7.79642,5.63959,0.92460,0.36161,0.01887,-0.11831,0.00000,0.00000,0.00000,
1,5.63121,-7.75635,5.74036,0.93031,0.34985,0.02068,-0.10815,0.00000,0.00000,0.00000,
1,5.68752,-7.71113,5.84446,0.93610,0.33602,0.02285,-0.10137,0.00000,0.00000,0.00000,
1,5.75166,-7.66078,5.95113,0.94077,0.32424,0.02471,-0.09595,0.00000,0.00000,0.00000,
1,5.82843,-7.60270,6.05351,0.94593,0.30949,0.02672,-0.09334,0.00000,0.00000,0.00000,
1,5.90397,-7.54652,6.16127,0.95150,0.29236,0.02994,-0.09104,0.00000,0.00000,0.00000,
1,5.98469,-7.48954,6.26586,0.95680,0.27457,0.03392,-0.08939,0.00000,0.00000,0.00000,
1,6.06946,-7.42418,6.37290,0.96065,0.25829,0.03025,-0.09758,0.00000,0.00000,0.00000,
1,6.16462,-7.35072,6.47514,0.96308,0.24546,0.02330,-0.10808,0.00000,0.00000,0.00000,
1,6.22575,-7.29851,6.60024,0.96460,0.23672,0.02067,-0.11443,0.00000,0.00000,0.00000,
1,6.29039,-7.25449,6.71936,0.96539,0.23274,0.01763,-0.11634,0.00000,0.00000,0.00000,
1,6.34155,-7.21795,6.82882,0.96584,0.23000,0.01855,-0.11797,0.00000,0.00000,0.00000,
1,6.39900,-7.18101,6.95245,0.96518,0.23204,0.02329,-0.11848,0.00000,0.00000,0.00000,
1,6.45807,-7.14164,7.07872,0.96408,0.23924,0.03217,-0.11077,0.00000,0.00000,0.00000,
1,6.50176,-7.13175,7.21358,0.96354,0.24556,0.03778,-0.09932,0.00000,0.00000,0.00000,
1,6.54602,-7.09531,7.34880,0.96391,0.25097,0.04355,-0.07745,0.00000,0.00000,0.00000,
1,6.58836,-7.06745,7.48118,0.96559,0.24876,0.05151,-0.05567,0.00000,0.00000,0.00000,
1,6.64434,-7.01736,7.60733,0.96846,0.23869,0.05728,-0.04276,0.00000,0.00000,0.00000,
1,6.69685,-6.96605,7.73700,0.97276,0.22035,0.06099,-0.03831,0.00000,0.00000,0.00000,
1,6.75025,-6.90173,7.86008,0.97765,0.19716,0.06119,-0.03969,0.00000,0.00000,0.00000,
1,6.80072,-6.85005,7.98691,0.98280,0.16692,0.06357,-0.04695,0.00000,0.00000,0.00000,
1,6.87961,-6.80168,8.07573,0.98689,0.13573,0.06992,-0.05225,0.00000,0.00000,0.00000,
1,6.94271,-6.73357,8.18065,0.98938,0.11038,0.08199,-0.04712,0.00000,0.00000,0.00000,
1,7.00035,-6.68162,8.26937,0.99172,0.08774,0.08774,-0.03308,0.00000,0.00000,0.00000,
1,7.05227,-6.62274,8.35796,0.99377,0.06658,0.08800,-0.01580,0.00000,0.00000,0.00000,
1,7.09414,-6.55794,8.44222,0.99531,0.04631,0.08485,0.00236,0.00000,0.00000,0.00000,
1,7.12618,-6.49831,8.52209,0.99643,0.02420,0.07908,0.01698,0.00000,0.00000,0.00000,
1,7.16153,-6.43545,8.59550,0.99625,0.00626,0.07814,0.03665,0.00000,0.00000,0.00000,
1,7.18662,-6.37051,8.65728,0.99499,-0.01292,0.08403,0.05263,0.00000,0.00000,0.00000,
1,7.21835,-6.30208,8.71360,0.99357,-0.03309,0.08759,0.06366,0.00000,0.00000,0.00000,
1,7.26543,-6.23052,8.75943,0.99201,-0.05406,0.08797,0.07244,0.00000,0.00000,0.00000,
1,7.30127,-6.16132,8.80390,0.99015,-0.07671,0.08685,0.07855,0.00000,0.00000,0.00000,
1,7.31451,-6.05952,8.83851,0.98764,-0.09599,0.08992,0.08523,0.00000,0.00000,0.00000,
1,7.34809,-5.94290,8.86303,0.98547,-0.10994,0.09159,0.09151,0.00000,0.00000,0.00000,
1,7.35925,-5.85097,8.88546,0.98341,-0.12022,0.09368,0.09836,0.00000,0.00000,0.00000,
1,7.35975,-5.75045,8.89639,0.98199,-0.12694,0.09633,0.10146,0.00000,0.00000,0.00000,
1,7.36039,-5.64864,8.90525,0.98053,-0.13330,0.09858,0.10524,0.00000,0.00000,0.00000,
1,7.35765,-5.54488,8.90696,0.97891,-0.13780,0.10211,0.11100,0.00000,0.00000,0.00000,
1,7.34438,-5.44221,8.89583,0.97693,-0.14421,0.10641,0.11610,0.00000,0.00000,0.00000,
1,7.32623,-5.32576,8.88045,0.97451,-0.15182,0.10937,0.12376,0.00000,0.00000,0.00000,
1,7.29607,-5.20475,8.85527,0.97197,-0.15897,0.11364,0.13070,0.00000,0.00000,0.00000,
1,7.27193,-5.08391,8.81643,0.96941,-0.16670,0.12037,0.13405,0.00000,0.00000,0.00000,
1,7.25370,-4.96229,8.76004,0.96808,-0.17517,0.12140,0.13192,0.00000,0.00000,0.00000,
1,7.23048,-4.83047,8.69045,0.96749,-0.18076,0.12027,0.12970,0.00000,0.00000,0.00000,
1,7.19151,-4.69876,8.60999,0.96731,-0.18358,0.11831,0.12888,0.00000,0.00000,0.00000,
1,7.13718,-4.57871,8.53425,0.96708,-0.18657,0.11835,0.12627,0.00000,0.00000,0.00000,
1,7.07915,-4.44518,8.45318,0.96707,-0.18584,0.11958,0.12628,0.00000,0.00000,0.00000,
1,7.00230,-4.31102,8.36161,0.96690,-0.18349,0.12344,0.12727,0.00000,0.00000,0.00000,
1,6.91211,-4.18314,8.26239,0.96668,-0.18088,0.12707,0.12907,0.00000,0.00000,0.00000,
1,6.81942,-4.05653,8.15531,0.96717,-0.17843,0.12629,0.12963,0.00000,0.00000,0.00000,
1,6.70882,-3.92036,8.04071,0.96749,-0.17429,0.12773,0.13146,0.00000,0.00000,0.00000,
1,6.59317,-3.78662,7.91639,0.96831,-0.17019,0.12539,0.13299,0.00000,0.00000,0.00000,
1,6.47412,-3.64841,7.78324,0.96948,-0.16517,0.11955,0.13615,0.00000,0.00000,0.00000,
1,6.34439,-3.50045,7.64129,0.97079,-0.16007,0.11175,0.13949,0.00000,0.00000,0.00000,
1,6.19849,-3.34239,7.50404,0.97217,-0.15955,0.10593,0.13493,0.00000,0.00000,0.00000,
1,6.05258,-3.19702,7.37083,0.97339,-0.16268,0.09922,0.12726,0.00000,0.00000,0.00000,
1,5.91012,-3.02894,7.21320,0.97486,-0.16983,0.09294,0.11035,0.00000,0.00000,0.00000,
1,5.79516,-2.93019,7.13417,0.97492,-0.17950,0.08568,0.09984,0.00000,0.00000,0.00000,
1,5.63795,-2.74357,6.90674,0.97583,-0.17916,0.08070,0.09562,0.00000,0.00000,0.00000,
1,5.45716,-2.58238,6.75477,0.97581,-0.17942,0.08057,0.09545,0.00000,0.00000,0.00000,
1,5.29188,-2.45249,6.60798,0.97549,-0.18074,0.07829,0.09811,0.00000,0.00000,0.00000,
1,5.14380,-2.30897,6.45218,0.97547,-0.18191,0.07667,0.09738,0.00000,0.00000,0.00000,
1,5.01180,-2.20850,6.29582,0.97525,-0.18415,0.07197,0.09895,0.00000,0.00000,0.00000,
1,4.87075,-2.07280,6.12805,0.97532,-0.18498,0.06988,0.09824,0.00000,0.00000,0.00000,
1,4.71000,-1.94344,5.97822,0.97577,-0.18514,0.06242,0.09846,0.00000,0.00000,0.00000,
1,4.61209,-1.85457,5.81994,0.97601,-0.18653,0.04970,0.10070,0.00000,0.00000,0.00000,
1,4.46087,-1.67811,5.62161,0.97695,-0.18313,0.04149,0.10156,0.00000,0.00000,0.00000,
1,4.27066,-1.53087,5.48371,0.97730,-0.18036,0.03868,0.10420,0.00000,0.00000,0.00000,
1,4.13316,-1.40644,5.33580,0.97765,-0.18199,0.02978,0.10098,0.00000,0.00000,0.00000,
1,3.97480,-1.26047,5.18865,0.97814,-0.18153,0.02260,0.09893,0.00000,0.00000,0.00000,
1,3.83620,-1.14091,5.04835,0.97820,-0.18197,0.01696,0.09860,0.00000,0.00000,0.00000,
1,3.70100,-1.01213,4.90698,0.97823,-0.18280,0.01467,0.09716,0.00000,0.00000,0.00000,
1,3.57654,-0.88794,4.77454,0.97807,-0.18430,0.01553,0.09578,0.00000,0.00000,0.00000,
1,3.47793,-0.76543,4.64134,0.97770,-0.18663,0.01508,0.09516,0.00000,0.00000,0.00000,
1,3.37747,-0.64051,4.51201,0.97745,-0.18848,0.01331,0.09430,0.00000,0.00000,0.00000,
1,3.28271,-0.54042,4.39206,0.97687,-0.19127,0.00598,0.09537,0.00000,0.00000,0.00000,
1,3.22410,-0.43036,4.28087,0.97643,-0.19418,-0.00694,0.09398,0.00000,0.00000,0.00000,
1,3.13374,-0.30692,4.16694,0.97634,-0.19545,-0.01963,0.09042,0.00000,0.00000,0.00000,
1,3.07597,-0.19453,4.06581,0.97579,-0.19432,-0.03401,0.09438,0.00000,0.00000,0.00000,
1,3.01967,-0.06843,3.96859,0.97565,-0.19187,-0.04339,0.09696,0.00000,0.00000,0.00000,
1,2.97067,0.05208,3.89443,0.97554,-0.19120,-0.05017,0.09619,0.00000,0.00000,0.00000,
1,2.91914,0.17028,3.84231,0.97579,-0.19254,-0.05098,0.09031,0.00000,0.00000,0.00000,
1,2.87171,0.29456,3.80467,0.97660,-0.19503,-0.04215,0.08027,0.00000,0.00000,0.00000,
1,2.83360,0.40982,3.78436,0.97747,-0.19908,-0.01949,0.06733,0.00000,0.00000,0.00000,
1,2.79937,0.52703,3.77190,0.97769,-0.19807,0.00919,0.06938,0.00000,0.00000,0.00000,
1,2.77475,0.63209,3.76749,0.97732,-0.19908,0.02507,0.06772,0.00000,0.00000,0.00000,
1,2.77305,0.72190,3.75352,0.97687,-0.20128,0.02837,0.06632,0.00000,0.00000,0.00000,
1,2.76509,0.81361,3.74569,0.97662,-0.20272,0.02798,0.06582,0.00000,0.00000,0.00000,
1,2.76017,0.90194,3.73935,0.97659,-0.20332,0.02482,0.06568,0.00000,0.00000,0.00000,
1,2.76427,0.98123,3.73460,0.97656,-0.20357,0.02415,0.06570,0.00000,0.00000,0.00000,
1,2.77344,1.05337,3.73059,0.97658,-0.20193,0.02472,0.07001,0.00000,0.00000,0.00000,
1,2.78766,1.11892,3.72938,0.97653,-0.20122,0.02400,0.07298,0.00000,0.00000,0.00000,
1,2.79918,1.18859,3.72860,0.97661,-0.20174,0.02204,0.07110,0.00000,0.00000,0.00000,
1,2.80549,1.24710,3.73703,0.97651,-0.20351,0.02065,0.06767,0.00000,0.00000,0.00000,
1,2.80790,1.29973,3.75161,0.97645,-0.20479,0.01972,0.06498,0.00000,0.00000,0.00000,
1,2.80962,1.34748,3.77148,0.97641,-0.20526,0.01962,0.06413,0.00000,0.00000,0.00000,
1,2.80756,1.38961,3.79810,0.97631,-0.20546,0.01842,0.06531,0.00000,0.00000,0.00000,
1,2.80286,1.42549,3.82936,0.97616,-0.20220,0.02131,0.07598,0.00000,0.00000,0.00000,
1,2.79447,1.45716,3.86625,0.97589,-0.19741,0.02446,0.08985,0.00000,0.00000,0.00000,
1,2.78603,1.48825,3.90220,0.97499,-0.19509,0.02821,0.10265,0.00000,0.00000,0.00000,
1,2.77767,1.51776,3.94299,0.97360,-0.19519,0.03961,0.11147,0.00000,0.00000,0.00000,
1,2.76394,1.55492,3.97870,0.97245,-0.19653,0.05102,0.11452,0.00000,0.00000,0.00000,
1,2.75918,1.59087,4.01068,0.97142,-0.20103,0.05786,0.11219,0.00000,0.00000,0.00000,
1,2.75677,1.62868,4.03136,0.96930,-0.21140,0.05986,0.11037,0.00000,0.00000,0.00000,
1,2.75924,1.66414,4.04142,0.96540,-0.22514,0.06413,0.11488,0.00000,0.00000,0.00000,
1,2.76401,1.70470,4.04405,0.96014,-0.24218,0.06680,0.12253,0.00000,0.00000,0.00000,
1,2.76743,1.74525,4.03904,0.95341,-0.26237,0.06714,0.13294,0.00000,0.00000,0.00000,
1,2.76870,1.78625,4.02822,0.94566,-0.28372,0.06070,0.14680,0.00000,0.00000,0.00000,
1,2.75723,1.82689,4.01752,0.93721,-0.30390,0.05412,0.16231,0.00000,0.00000,0.00000,
1,2.74964,1.86993,4.00441,0.92813,-0.32480,0.05219,0.17426,0.00000,0.00000,0.00000,
1,2.73364,1.91420,3.98885,0.91937,-0.34508,0.04773,0.18277,0.00000,0.00000,0.00000,
1,2.70860,1.95988,3.97379,0.91259,-0.35988,0.03995,0.18992,0.00000,0.00000,0.00000,
1,2.68079,2.00855,3.95465,0.90787,-0.36996,0.02941,0.19502,0.00000,0.00000,0.00000,
1,2.64944,2.06085,3.93624,0.90415,-0.37878,0.02064,0.19651,0.00000,0.00000,0.00000,
1,2.61441,2.11617,3.92288,0.90003,-0.38928,0.01259,0.19555,0.00000,0.00000,0.00000,
1,2.58176,2.17628,3.91516,0.89434,-0.40152,0.00597,0.19725,0.00000,0.00000,0.00000,
1,2.55369,2.23449,3.90372,0.88617,-0.41718,0.01310,0.20123,0.00000,0.00000,0.00000,
1,2.52166,2.30040,3.89684,0.87578,-0.43551,0.02597,0.20655,0.00000,0.00000,0.00000,
1,2.48725,2.36876,3.89337,0.86401,-0.45493,0.03231,0.21327,0.00000,0.00000,0.00000,
1,2.45322,2.43932,3.88124,0.85122,-0.47529,0.03536,0.21970,0.00000,0.00000,0.00000,
1,2.41781,2.50499,3.86720,0.83792,-0.49552,0.03760,0.22571,0.00000,0.00000,0.00000,
1,2.37842,2.56791,3.85634,0.82518,-0.51265,0.03496,0.23464,0.00000,0.00000,0.00000,
1,2.36799,2.65160,3.81817,0.81619,-0.52225,0.02666,0.24573,0.00000,0.00000,0.00000,
1,2.33777,2.72373,3.79842,0.80914,-0.52985,0.02574,0.25276,0.00000,0.00000,0.00000,
1,2.32544,2.79416,3.77304,0.80489,-0.53587,0.02458,0.25377,0.00000,0.00000,0.00000,
1,2.30414,2.82534,3.77107,0.80138,-0.53991,0.02369,0.25635,0.00000,0.00000,0.00000,
1,2.29740,2.94867,3.72433,0.80186,-0.53956,0.01823,0.25606,0.00000,0.00000,0.00000,
1,2.25476,2.94980,3.72807,0.80050,-0.54442,0.01873,0.24992,0.00000,0.00000,0.00000,
1,2.22558,3.09078,3.68699,0.80289,-0.54164,0.01344,0.24862,0.00000,0.00000,0.00000,
1,2.21200,3.19735,3.66488,0.80465,-0.53857,0.00584,0.24988,0.00000,0.00000,0.00000,
1,2.19926,3.29639,3.64404,0.80641,-0.53503,0.00328,0.25186,0.00000,0.00000,0.00000,
1,2.16494,3.38130,3.61871,0.80867,-0.53161,0.00668,0.25180,0.00000,0.00000,0.00000,
1,2.16914,3.49532,3.60558,0.80992,-0.52934,0.01051,0.25244,0.00000,0.00000,0.00000,
1,2.07880,3.55053,3.56013,0.81261,-0.52539,0.02061,0.25139,0.00000,0.00000,0.00000,
1,2.14140,3.71148,3.57948,0.81169,-0.52595,0.02258,0.25303,0.00000,0.00000,0.00000,
1,2.11867,3.82424,3.56635,0.80791,-0.53034,0.03526,0.25450,0.00000,0.00000,0.00000,
1,2.08595,3.93803,3.54772,0.79954,-0.53856,0.04661,0.26175,0.00000,0.00000,0.00000,
1,2.04749,4.05093,3.53257,0.78632,-0.55414,0.06305,0.26583,0.00000,0.00000,0.00000,
1,2.01115,4.15845,3.50612,0.77117,-0.57434,0.07159,0.26516,0.00000,0.00000,0.00000,
1,1.97622,4.26421,3.46745,0.75634,-0.59352,0.06445,0.26746,0.00000,0.00000,0.00000,
1,1.94414,4.36772,3.42693,0.74058,-0.61339,0.05318,0.26918,0.00000,0.00000,0.00000,
1,1.91745,4.46422,3.37274,0.72571,-0.62954,0.04140,0.27444,0.00000,0.00000,0.00000,
1,1.89311,4.55975,3.31600,0.71451,-0.63866,0.03308,0.28371,0.00000,0.00000,0.00000,
1,1.87906,4.65343,3.25625,0.70595,-0.64490,0.02672,0.29160,0.00000,0.00000,0.00000,
1,1.86508,4.74561,3.19490,0.69977,-0.64732,0.02504,0.30110,0.00000,0.00000,0.00000,
1,1.83938,4.84232,3.13607,0.69645,-0.64704,0.02676,0.30915,0.00000,0.00000,0.00000,
1,1.82652,4.94284,3.07091,0.69525,-0.64719,0.02210,0.31190,0.00000,0.00000,0.00000,
1,1.81357,5.04467,2.99896,0.69619,-0.64868,0.01131,0.30724,0.00000,0.00000,0.00000,
1,1.80483,5.15160,2.92359,0.69790,-0.64918,0.00340,0.30247,0.00000,0.00000,0.00000,
1,1.80195,5.26526,2.84605,0.70026,-0.64732,0.00203,0.30102,0.00000,0.00000,0.00000,
1,1.79680,5.38377,2.77345,0.70188,-0.64645,0.00470,0.29909,0.00000,0.00000,0.00000,
1,1.78872,5.50739,2.69945,0.70366,-0.64577,0.01045,0.29619,0.00000,0.00000,0.00000,
1,1.77434,5.62942,2.63190,0.70507,-0.64727,0.01880,0.28907,0.00000,0.00000,0.00000,
1,1.75689,5.75445,2.56737,0.70643,-0.64985,0.02085,0.27969,0.00000,0.00000,0.00000,
1,1.73712,5.87986,2.50704,0.70760,-0.65020,0.01714,0.27613,0.00000,0.00000,0.00000,
1,1.71377,6.00384,2.45131,0.70806,-0.64794,0.01044,0.28055,0.00000,0.00000,0.00000,
1,1.68765,6.12819,2.39924,0.70830,-0.64530,0.00240,0.28618,0.00000,0.00000,0.00000,
1,1.65245,6.25329,2.34913,0.70872,-0.64432,-0.00446,0.28730,0.00000,0.00000,0.00000,
1,1.62099,6.38266,2.30429,0.70879,-0.64455,-0.00231,0.28665,0.00000,0.00000,0.00000,
1,1.60872,6.52157,2.26145,0.70852,-0.64860,0.00508,0.27800,0.00000,0.00000,0.00000,
1,1.59284,6.66096,2.21961,0.70849,-0.65336,0.01175,0.26650,0.00000,0.00000,0.00000,
1,1.58845,6.79505,2.17573,0.70805,-0.65521,0.01615,0.26288,0.00000,0.00000,0.00000,
1,1.59109,6.92877,2.13118,0.70766,-0.65465,0.01541,0.26534,0.00000,0.00000,0.00000,
1,1.59857,7.05903,2.09437,0.70724,-0.65260,0.00788,0.27178,0.00000,0.00000,0.00000,
1,1.59678,7.18917,2.06159,0.70660,-0.64996,0.00375,0.27974,0.00000,0.00000,0.00000,
1,1.59749,7.31988,2.03851,0.70591,-0.65065,0.00356,0.27988,0.00000,0.00000,0.00000,
1,1.60063,7.45204,2.01262,0.70554,-0.65277,0.00815,0.27575,0.00000,0.00000,0.00000,
1,1.59998,7.58932,1.99197,0.70491,-0.65464,0.01101,0.27281,0.00000,0.00000,0.00000,
1,1.59949,7.72235,1.97701,0.70465,-0.65583,0.01379,0.27047,0.00000,0.00000,0.00000,
1,1.60282,7.85749,1.96035,0.70436,-0.65565,0.01429,0.27164,0.00000,0.00000,0.00000,
1,1.60377,7.98877,1.94856,0.70395,-0.65607,0.01455,0.27169,0.00000,0.00000,0.00000,
1,1.60718,8.12230,1.93838,0.70369,-0.65765,0.01509,0.26850,0.00000,0.00000,0.00000,
1,1.61777,8.25005,1.92924,0.70343,-0.65734,0.01664,0.26983,0.00000,0.00000,0.00000,
1,1.63026,8.38069,1.92363,0.70358,-0.65744,0.01348,0.26940,0.00000,0.00000,0.00000,
1,1.64121,8.50795,1.91709,0.70391,-0.65838,0.00950,0.26639,0.00000,0.00000,0.00000,
1,1.65870,8.63425,1.91565,0.70415,-0.65967,0.00738,0.26260,0.00000,0.00000,0.00000,
1,1.67575,8.76251,1.91973,0.70737,-0.65924,0.00811,0.25488,0.00000,0.00000,0.00000,
1,1.69757,8.89022,1.92471,0.71545,-0.65420,0.00906,0.24510,0.00000,0.00000,0.00000,
1,1.71813,9.01286,1.95113,0.72497,-0.64676,0.01132,0.23662,0.00000,0.00000,0.00000,
1,1.74179,9.12920,1.96792,0.73321,-0.63782,0.01901,0.23499,0.00000,0.00000,0.00000,
1,1.76714,9.24334,1.99243,0.73929,-0.62482,0.02989,0.24930,0.00000,0.00000,0.00000,
1,1.79243,9.35400,2.01835,0.74327,-0.61242,0.03864,0.26645,0.00000,0.00000,0.00000,
1,1.81227,9.46177,2.04311,0.74571,-0.60800,0.03793,0.26983,0.00000,0.00000,0.00000,
1,1.82270,9.57252,2.06877,0.74716,-0.60858,0.03110,0.26535,0.00000,0.00000,0.00000,
1,1.83448,9.68198,2.09274,0.74792,-0.60966,0.02551,0.26129,0.00000,0.00000,0.00000,
1,1.85247,9.79167,2.11468,0.74812,-0.61122,0.02150,0.25744,0.00000,0.00000,0.00000,
1,1.87335,9.90117,2.13194,0.74799,-0.61179,0.02053,0.25652,0.00000,0.00000,0.00000,
1,1.90293,10.00939,2.14943,0.74730,-0.61365,0.01924,0.25417,0.00000,0.00000,0.00000,
1,1.93189,10.11274,2.16641,0.74680,-0.61518,0.01593,0.25219,0.00000,0.00000,0.00000,
1,1.94572,10.22390,2.19027,0.74715,-0.61753,0.01193,0.24554,0.00000,0.00000,0.00000,
1,1.95875,10.33410,2.22572,0.75118,-0.61610,0.00753,0.23683,0.00000,0.00000,0.00000,
1,1.96985,10.44115,2.26436,0.75923,-0.60827,0.00462,0.23143,0.00000,0.00000,0.00000,
1,1.99704,10.54277,2.30286,0.77227,-0.59298,0.00832,0.22783,0.00000,0.00000,0.00000,
1,2.02752,10.65232,2.35928,0.78868,-0.57339,0.02034,0.22088,0.00000,0.00000,0.00000,
1,2.06605,10.75862,2.40799,0.80641,-0.55094,0.03294,0.21234,0.00000,0.00000,0.00000,
1,2.08128,10.86064,2.46122,0.82281,-0.53038,0.04438,0.19927,0.00000,0.00000,0.00000,
1,1.99646,10.93832,2.50653,0.83540,-0.51358,0.05847,0.18687,0.00000,0.00000,0.00000,
1,2.20100,11.03495,2.52983,0.84388,-0.50153,0.05147,0.18351,0.00000,0.00000,0.00000,
1,2.24960,11.11255,2.56108,0.84955,-0.49189,0.04393,0.18540,0.00000,0.00000,0.00000,
1,2.25640,11.28929,2.61974,0.85217,-0.48806,0.03976,0.18443,0.00000,0.00000,0.00000,
1,2.34116,11.23712,2.62889,0.85363,-0.48745,0.03377,0.18047,0.00000,0.00000,0.00000,
1,2.39956,11.30027,2.67459,0.85326,-0.49073,0.03113,0.17368,0.00000,0.00000,0.00000,
1,2.43378,11.35951,2.71795,0.85190,-0.49594,0.03327,0.16492,0.00000,0.00000,0.00000,
1,2.47114,11.41290,2.76354,0.85037,-0.50133,0.03357,0.15626,0.00000,0.00000,0.00000,
1,2.48266,11.47295,2.81504,0.84870,-0.50450,0.04378,0.15257,0.00000,0.00000,0.00000,
1,2.52749,11.50497,2.87069,0.84690,-0.50480,0.06491,0.15400,0.00000,0.00000,0.00000,
1,2.55627,11.53201,2.92935,0.84462,-0.50613,0.08330,0.15332,0.00000,0.00000,0.00000,
1,2.57689,11.54929,2.98560,0.84285,-0.50662,0.09675,0.15355,0.00000,0.00000,0.00000,
1,2.59718,11.55080,3.03619,0.84424,-0.50382,0.09860,0.15399,0.00000,0.00000,0.00000,
1,2.62289,11.53581,3.08004,0.84877,-0.49643,0.09285,0.15657,0.00000,0.00000,0.00000,
1,2.64980,11.51234,3.11744,0.85363,-0.48893,0.08263,0.15949,0.00000,0.00000,0.00000,
1,2.67795,11.47713,3.14685,0.85738,-0.48255,0.07651,0.16182,0.00000,0.00000,0.00000,
1,2.68410,11.43149,3.17487,0.86124,-0.47584,0.07435,0.16222,0.00000,0.00000,0.00000,
1,2.73507,11.38259,3.20046,0.86705,-0.46571,0.07405,0.16079,0.00000,0.00000,0.00000,
1,2.76660,11.32383,3.22144,0.87530,-0.45046,0.07385,0.15965,0.00000,0.00000,0.00000,
1,2.79578,11.26004,3.24641,0.88488,-0.43304,0.06795,0.15759,0.00000,0.00000,0.00000,
1,2.81297,11.19644,3.26810,0.89354,-0.41678,0.05164,0.15879,0.00000,0.00000,0.00000,
1,2.83369,11.12431,3.27680,0.89990,-0.40348,0.03923,0.16074,0.00000,0.00000,0.00000,
1,2.85893,11.06132,3.28906,0.90396,-0.39440,0.03337,0.16183,0.00000,0.00000,0.00000,
1,2.74944,11.07949,3.18138,0.90937,-0.37934,0.03309,0.16747,0.00000,0.00000,0.00000,
1,2.91318,10.92603,3.31622,0.90735,-0.38335,0.01786,0.17161,0.00000,0.00000,0.00000,
1,2.93484,10.87059,3.33546,0.90767,-0.38209,0.01066,0.17326,0.00000,0.00000,0.00000,
1,2.94883,10.81991,3.35560,0.90736,-0.38406,0.01552,0.17016,0.00000,0.00000,0.00000,
1,2.96544,10.77355,3.37984,0.90669,-0.38768,0.02731,0.16391,0.00000,0.00000,0.00000,
1,2.97939,10.73413,3.40660,0.90580,-0.39319,0.03934,0.15293,0.00000,0.00000,0.00000,
1,2.98149,10.69024,3.43889,0.90683,-0.39761,0.04609,0.13211,0.00000,0.00000,0.00000,
1,2.98319,10.64101,3.47850,0.90939,-0.39747,0.04831,0.11266,0.00000,0.00000,0.00000,
1,2.98518,10.58814,3.51783,0.91246,-0.39200,0.04755,0.10721,0.00000,0.00000,0.00000,
1,2.98431,10.53230,3.56021,0.91534,-0.38525,0.04637,0.10759,0.00000,0.00000,0.00000,
1,2.98262,10.46699,3.60469,0.91748,-0.37953,0.04752,0.10923,0.00000,0.00000,0.00000,
1,2.99284,10.39699,3.64525,0.91924,-0.37199,0.05040,0.11865,0.00000,0.00000,0.00000,
1,3.00466,10.32365,3.67807,0.92048,-0.36692,0.05111,0.12442,0.00000,0.00000,0.00000,
1,3.02647,10.24745,3.71259,0.92083,-0.36449,0.05676,0.12651,0.00000,0.00000,0.00000,
1,3.04628,10.16817,3.74897,0.92090,-0.36376,0.05821,0.12738,0.00000,0.00000,0.00000,
1,3.06716,10.08585,3.77498,0.92141,-0.36227,0.04855,0.13195,0.00000,0.00000,0.00000,
1,3.09189,10.00395,3.79617,0.92178,-0.36082,0.03866,0.13655,0.00000,0.00000,0.00000,
1,3.10945,9.93503,3.81930,0.92167,-0.36096,0.03359,0.13820,0.00000,0.00000,0.00000,
1,3.14696,9.84333,3.84871,0.92106,-0.36231,0.03282,0.13893,0.00000,0.00000,0.00000,
1,3.16563,9.76698,3.88057,0.92060,-0.36408,0.03286,0.13734,0.00000,0.00000,0.00000,
1,3.18474,9.69070,3.91700,0.92028,-0.36721,0.02946,0.13179,0.00000,0.00000,0.00000,
1,3.20449,9.61472,3.95662,0.92003,-0.36963,0.02598,0.12744,0.00000,0.00000,0.00000,
1,3.21859,9.53966,4.00196,0.91976,-0.37029,0.02661,0.12739,0.00000,0.00000,0.00000,
1,3.23705,9.46808,4.04083,0.91983,-0.37038,0.02695,0.12649,0.00000,0.00000,0.00000,
1,3.25630,9.39307,4.09842,0.91972,-0.37026,0.02914,0.12718,0.00000,0.00000,0.00000,
1,3.28849,9.31672,4.14762,0.91966,-0.36966,0.03474,0.12797,0.00000,0.00000,0.00000,
1,3.33227,9.24015,4.19040,0.91950,-0.36883,0.04542,0.12813,0.00000,0.00000,0.00000,
1,3.38623,9.16273,4.23537,0.91937,-0.36853,0.05008,0.12816,0.00000,0.00000,0.00000,
1,3.44521,9.08511,4.26995,0.91924,-0.36862,0.05467,0.12698,0.00000,0.00000,0.00000,
1,3.50195,9.00409,4.30519,0.91847,-0.37031,0.06488,0.12275,0.00000,0.00000,0.00000,
1,3.56102,8.92177,4.34525,0.91749,-0.37114,0.07589,0.12127,0.00000,0.00000,0.00000,
1,3.61092,8.83719,4.38021,0.91660,-0.37062,0.08747,0.12179,0.00000,0.00000,0.00000,
1,3.64924,8.74606,4.40265,0.91513,-0.36728,0.10857,0.12590,0.00000,0.00000,0.00000,
1,3.68792,8.65279,4.42705,0.91469,-0.36142,0.12419,0.13150,0.00000,0.00000,0.00000,
1,3.73636,8.55648,4.42694,0.91854,-0.35326,0.11847,0.13214,0.00000,0.00000,0.00000,
1,3.72710,8.45463,4.41576,0.92308,-0.34609,0.10822,0.12816,0.00000,0.00000,0.00000,
1,3.75089,8.34692,4.40495,0.92647,-0.34212,0.09848,0.12209,0.00000,0.00000,0.00000,
1,3.78318,8.23857,4.37000,0.92859,-0.34035,0.09505,0.11332,0.00000,0.00000,0.00000,
1,3.82609,8.11656,4.34511,0.92971,-0.33860,0.09533,0.10910,0.00000,0.00000,0.00000,
1,3.86693,8.00254,4.30265,0.93135,-0.33583,0.08749,0.11026,0.00000,0.00000,0.00000,
1,3.89173,7.87744,4.27940,0.93283,-0.33271,0.07428,0.11668,0.00000,0.00000,0.00000,
1,3.90572,7.75524,4.24567,0.93353,-0.33147,0.06494,0.12009,0.00000,0.00000,0.00000,
1,3.91208,7.63648,4.20896,0.93392,-0.33060,0.05882,0.12260,0.00000,0.00000,0.00000,
1,3.90953,7.52131,4.16910,0.93400,-0.32975,0.05841,0.12448,0.00000,0.00000,0.00000,
1,3.89697,7.40087,4.13791,0.93316,-0.33205,0.06637,0.12065,0.00000,0.00000,0.00000,
1,3.88216,7.28304,4.10158,0.93224,-0.33379,0.07508,0.11777,0.00000,0.00000,0.00000,
1,3.85899,7.15751,4.07781,0.93208,-0.33393,0.07379,0.11944,0.00000,0.00000,0.00000,
1,3.83776,7.03604,4.04955,0.93221,-0.33331,0.06792,0.12362,0.00000,0.00000,0.00000,
1,3.81207,6.91030,4.01448,0.93226,-0.33329,0.06214,0.12628,0.00000,0.00000,0.00000,
1,3.79674,6.78351,3.98417,0.93220,-0.33350,0.05546,0.12923,0.00000,0.00000,0.00000,
1,3.78273,6.66077,3.95133,0.93215,-0.33375,0.04737,0.13217,0.00000,0.00000,0.00000,
1,3.77539,6.54055,3.92065,0.93192,-0.33454,0.04076,0.13395,0.00000,0.00000,0.00000,
1,3.76492,6.43159,3.89227,0.93176,-0.33578,0.03641,0.13323,0.00000,0.00000,0.00000,
1,3.75673,6.33169,3.86593,0.93173,-0.33573,0.03350,0.13435,0.00000,0.00000,0.00000,
1,3.73704,6.22863,3.84557,0.93179,-0.33574,0.03076,0.13450,0.00000,0.00000,0.00000,
1,3.71954,6.13452,3.82999,0.93203,-0.33341,0.01952,0.14062,0.00000,0.00000,0.00000,
1,3.70476,6.04347,3.82447,0.93208,-0.33126,0.00749,0.14645,0.00000,0.00000,0.00000,
1,3.69092,5.96385,3.82328,0.93196,-0.33235,0.01321,0.14427,0.00000,0.00000,0.00000,
1,3.67929,5.88815,3.82927,0.93161,-0.33450,0.03169,0.13860,0.00000,0.00000,0.00000,
1,3.66150,5.81999,3.83643,0.93128,-0.33614,0.04369,0.13347,0.00000,0.00000,0.00000,
1,3.64863,5.75832,3.84614,0.93143,-0.33554,0.04284,0.13423,0.00000,0.00000,0.00000,
1,3.63415,5.69283,3.85673,0.93175,-0.33455,0.03760,0.13606,0.00000,0.00000,0.00000,
1,3.62981,5.63558,3.86295,0.93228,-0.33296,0.02840,0.13852,0.00000,0.00000,0.00000,
1,3.63756,5.59695,3.85802,0.93290,-0.33090,0.02309,0.14024,0.00000,0.00000,0.00000,
1,3.64711,5.55625,3.85827,0.93303,-0.33127,0.02685,0.13781,0.00000,0.00000,0.00000,
1,3.65971,5.49538,3.88260,0.93235,-0.33394,0.03863,0.13312,0.00000,0.00000,0.00000,
1,3.67932,5.45553,3.89338,0.93212,-0.33517,0.04524,0.12947,0.00000,0.00000,0.00000,
1,3.69561,5.41849,3.90673,0.93208,-0.33445,0.04566,0.13147,0.00000,0.00000,0.00000,
1,3.71117,5.38233,3.92736,0.93194,-0.33398,0.04345,0.13440,0.00000,0.00000,0.00000,
1,3.72197,5.34842,3.95098,0.93203,-0.33315,0.03359,0.13861,0.00000,0.00000,0.00000,
1,3.72649,5.32125,3.97848,0.93200,-0.33185,0.02589,0.14347,0.00000,0.00000,0.00000,
1,3.73165,5.29823,4.01118,0.93184,-0.33215,0.02471,0.14400,0.00000,0.00000,0.00000,
1,3.73947,5.27981,4.05462,0.93149,-0.33407,0.03278,0.14020,0.00000,0.00000,0.00000,
1,3.75058,5.26603,4.09209,0.93114,-0.33548,0.04161,0.13671,0.00000,0.00000,0.00000,
1,3.76762,5.26081,4.12398,0.93106,-0.33626,0.04524,0.13417,0.00000,0.00000,0.00000,
1,3.79121,5.24810,4.16166,0.93079,-0.33873,0.04717,0.12912,0.00000,0.00000,0.00000,
1,3.82038,5.24157,4.19081,0.93038,-0.34378,0.05081,0.11676,0.00000,0.00000,0.00000,
1,3.85478,5.23236,4.22122,0.92984,-0.34714,0.05425,0.10934,0.00000,0.00000,0.00000,
1,3.88803,5.22838,4.24860,0.92996,-0.34620,0.05774,0.10947,0.00000,0.00000,0.00000,
1,3.93670,5.20572,4.27516,0.92970,-0.34693,0.05953,0.10837,0.00000,0.00000,0.00000,
1,3.98185,5.18983,4.29766,0.93002,-0.34631,0.05831,0.10834,0.00000,0.00000,0.00000,
1,4.02885,5.16467,4.32772,0.92993,-0.34513,0.06252,0.11047,0.00000,0.00000,0.00000,
1,4.06555,5.14040,4.35626,0.92952,-0.34336,0.07468,0.11186,0.00000,0.00000,0.00000,
1,4.08807,5.11538,4.38736,0.92875,-0.34273,0.08793,0.11062,0.00000,0.00000,0.00000,
1,4.10173,5.08268,4.42743,0.92891,-0.34184,0.08558,0.11377,0.00000,0.00000,0.00000,
1,4.09668,5.04961,4.47110,0.92928,-0.34126,0.07985,0.11665,0.00000,0.00000,0.00000,
1,4.09145,5.01656,4.51712,0.92961,-0.34151,0.07435,0.11693,0.00000,0.00000,0.00000,
1,4.07389,4.97705,4.55663,0.93011,-0.34317,0.06566,0.11323,0.00000,0.00000,0.00000,
1,4.06274,4.94421,4.59624,0.93055,-0.34584,0.05798,0.10539,0.00000,0.00000,0.00000,
1,4.03935,4.89673,4.64479,0.92948,-0.35456,0.05483,0.08571,0.00000,0.00000,0.00000,
1,4.02540,4.85952,4.67853,0.92887,-0.36051,0.05180,0.06743,0.00000,0.00000,0.00000,
1,4.01506,4.80354,4.72068,0.92842,-0.36310,0.05292,0.05833,0.00000,0.00000,0.00000,
1,4.00565,4.72051,4.77623,0.92830,-0.36349,0.05241,0.05816,0.00000,0.00000,0.00000,
1,4.01118,4.63425,4.82488,0.92862,-0.36216,0.05143,0.06209,0.00000,0.00000,0.00000,
1,4.02633,4.53495,4.88254,0.92841,-0.36202,0.05189,0.06566,0.00000,0.00000,0.00000,
1,4.04042,4.42731,4.93988,0.92824,-0.36093,0.05755,0.06914,0.00000,0.00000,0.00000,
1,4.05283,4.29594,4.99803,0.92737,-0.36206,0.06483,0.06845,0.00000,0.00000,0.00000,
1,4.08562,4.16130,5.05614,0.92661,-0.36515,0.06306,0.06389,0.00000,0.00000,0.00000,
1,4.12299,4.02488,5.10331,0.92668,-0.36667,0.05576,0.06090,0.00000,0.00000,0.00000,
1,4.16721,3.87584,5.15223,0.92913,-0.36094,0.05338,0.05982,0.00000,0.00000,0.00000,
1,4.23323,3.70107,5.20870,0.93324,-0.34860,0.05604,0.06631,0.00000,0.00000,0.00000,
1,4.28754,3.52540,5.26392,0.93682,-0.33552,0.05781,0.08037,0.00000,0.00000,0.00000,
1,4.33488,3.35149,5.31941,0.93941,-0.32582,0.05914,0.08862,0.00000,0.00000,0.00000,
1,4.37732,3.17719,5.37521,0.94226,-0.31690,0.06108,0.08942,0.00000,0.00000,0.00000,
1,4.42564,3.00491,5.44150,0.94601,-0.30873,0.05989,0.07852,0.00000,0.00000,0.00000,
1,4.48596,2.83093,5.50181,0.95032,-0.29702,0.06670,0.06490,0.00000,0.00000,0.00000,
1,4.51569,2.64318,5.54840,0.95497,-0.28117,0.07712,0.05509,0.00000,0.00000,0.00000,
1,4.55788,2.45217,5.59799,0.95909,-0.26844,0.07951,0.04187,0.00000,0.00000,0.00000,
1,4.60770,2.28824,5.62280,0.96268,-0.25785,0.07710,0.02848,0.00000,0.00000,0.00000,
1,4.65980,2.11286,5.63463,0.96655,-0.24483,0.07454,0.01678,0.00000,0.00000,0.00000,
1,4.71026,1.94759,5.62145,0.97047,-0.23059,0.07069,0.00457,0.00000,0.00000,0.00000,
1,4.75863,1.77574,5.70249,0.97327,-0.21944,0.06781,0.00194,0.00000,0.00000,0.00000,
1,4.81227,1.43263,5.78811,0.97407,-0.21527,0.06892,0.00945,0.00000,0.00000,0.00000,
1,4.85978,1.20229,5.84130,0.97569,-0.20539,0.07319,0.02208,0.00000,0.00000,0.00000,
1,4.89706,1.04310,5.85526,0.97718,-0.19681,0.07443,0.02906,0.00000,0.00000,0.00000,
1,4.93727,0.81461,5.93632,0.97698,-0.19522,0.07865,0.03491,0.00000,0.00000,0.00000,
1,4.95728,0.57767,5.98237,0.97680,-0.19663,0.07737,0.03493,0.00000,0.00000,0.00000,
1,4.99608,0.27656,6.02714,0.97604,-0.20036,0.07785,0.03384,0.00000,0.00000,0.00000,
1,5.01247,0.05007,6.07685,0.97566,-0.20144,0.07995,0.03350,0.00000,0.00000,0.00000,
1,5.01834,-0.18170,6.12488,0.97513,-0.20292,0.08292,0.03271,0.00000,0.00000,0.00000,
1,5.01227,-0.17317,6.08839,0.97785,-0.18899,0.08272,0.03534,0.00000,0.00000,0.00000,
1,5.01455,-0.55782,6.18755,0.97589,-0.19774,0.08472,0.03688,0.00000,0.00000,0.00000,
1,5.01848,-0.87292,6.27688,0.97563,-0.20039,0.08226,0.03484,0.00000,0.00000,0.00000,
1,5.01069,-1.11903,6.34573,0.97719,-0.19302,0.08212,0.03312,0.00000,0.00000,0.00000,
1,5.01210,-1.37018,6.40502,0.97915,-0.18317,0.07852,0.03936,0.00000,0.00000,0.00000,
1,5.01995,-1.61213,6.46146,0.98079,-0.17464,0.07360,0.04615,0.00000,0.00000,0.00000,
1,5.02986,-1.84887,6.51128,0.98196,-0.16871,0.06948,0.04961,0.00000,0.00000,0.00000,
1,5.04089,-2.09028,6.56894,0.98242,-0.16692,0.06744,0.04940,0.00000,0.00000,0.00000,
1,5.05170,-2.32152,6.61730,0.98278,-0.16475,0.06602,0.05138,0.00000,0.00000,0.00000,
1,5.04286,-2.53950,6.67083,0.98304,-0.16316,0.06415,0.05375,0.00000,0.00000,0.00000,
1,5.04218,-2.76119,6.72659,0.98299,-0.16336,0.06402,0.05424,0.00000,0.00000,0.00000,
1,5.03467,-2.95542,6.78323,0.98284,-0.16404,0.06542,0.05324,0.00000,0.00000,0.00000,
1,5.02038,-3.17071,6.84625,0.98248,-0.16541,0.06702,0.05360,0.00000,0.00000,0.00000,
1,5.00420,-3.37906,6.90454,0.98217,-0.16556,0.07007,0.05500,0.00000,0.00000,0.00000,
1,5.00179,-3.58027,6.94952,0.98196,-0.16655,0.07144,0.05398,0.00000,0.00000,0.00000,
1,5.01540,-3.78375,7.00159,0.98138,-0.16952,0.07593,0.04886,0.00000,0.00000,0.00000,
1,5.01565,-3.98625,7.05327,0.98097,-0.16980,0.07982,0.05001,0.00000,0.00000,0.00000,
1,5.01617,-4.18188,7.10308,0.98065,-0.16943,0.08343,0.05153,0.00000,0.00000,0.00000,
1,5.02414,-4.37067,7.14638,0.98070,-0.16909,0.08202,0.05397,0.00000,0.00000,0.00000,
1,5.00459,-4.56215,7.19989,0.98070,-0.16937,0.08048,0.05542,0.00000,0.00000,0.00000,
1,4.99966,-4.73874,7.23643,0.98057,-0.16908,0.08195,0.05640,0.00000,0.00000,0.00000,
1,5.01957,-4.88565,7.21121,0.98111,-0.16719,0.07979,0.05562,0.00000,0.00000,0.00000,
1,5.02987,-5.05288,7.23427,0.98133,-0.16653,0.07899,0.05492,0.00000,0.00000,0.00000,
1,5.03365,-5.23648,7.29112,0.98123,-0.16680,0.07900,0.05593,0.00000,0.00000,0.00000,
1,5.04757,-5.39935,7.29767,0.98175,-0.16451,0.07531,0.05855,0.00000,0.00000,0.00000,
1,5.06488,-5.55795,7.30593,0.98212,-0.16124,0.07172,0.06559,0.00000,0.00000,0.00000,
1,5.08553,-5.70873,7.31544,0.98237,-0.15583,0.06583,0.07952,0.00000,0.00000,0.00000,
1,5.10800,-5.85556,7.31143,0.98229,-0.15272,0.06121,0.08969,0.00000,0.00000,0.00000,
1,5.12283,-5.98445,7.32089,0.98203,-0.15254,0.06146,0.09258,0.00000,0.00000,0.00000,
1,5.14066,-6.12099,7.32295,0.98229,-0.15054,0.06471,0.09082,0.00000,0.00000,0.00000,
1,5.14895,-6.24079,7.33335,0.98402,-0.14598,0.06419,0.07921,0.00000,0.00000,0.00000,
1,5.15302,-6.35440,7.35069,0.98653,-0.13867,0.06425,0.05834,0.00000,0.00000,0.00000,
1,5.15017,-6.45737,7.37241,0.98965,-0.12341,0.06500,0.03367,0.00000,0.00000,0.00000,
1,5.14597,-6.56060,7.38968,0.99293,-0.09853,0.06529,0.01129,0.00000,0.00000,0.00000,
1,5.13835,-6.66643,7.40578,0.99583,-0.06358,0.06473,-0.00895,0.00000,0.00000,0.00000,
1,5.13266,-6.77595,7.42540,0.99714,-0.02138,0.06620,-0.02961,0.00000,0.00000,0.00000,
1,5.13662,-6.87624,7.43823,0.99608,0.02466,0.06930,-0.04921,0.00000,0.00000,0.00000,
1,5.14354,-6.99893,7.44401,0.99248,0.06544,0.07454,-0.07170,0.00000,0.00000,0.00000,
1,5.15742,-7.09249,7.44044,0.98746,0.09505,0.07990,-0.09748,0.00000,0.00000,0.00000,
1,5.18065,-7.19166,7.43034,0.98228,0.11288,0.08843,-0.12068,0.00000,0.00000,0.00000,
1,5.20414,-7.30112,7.41326,0.97789,0.12570,0.09618,-0.13666,0.00000,0.00000,0.00000,
1,5.22340,-7.40935,7.38650,0.97388,0.14329,0.09778,-0.14652,0.00000,0.00000,0.00000,
1,5.24360,-7.54062,7.35945,0.96988,0.16384,0.09491,-0.15320,0.00000,0.00000,0.00000,
1,5.26893,-7.69030,7.32902,0.96530,0.18776,0.09035,-0.15739,0.00000,0.00000,0.00000,
1,5.28545,-7.84348,7.28012,0.95959,0.21089,0.09036,-0.16291,0.00000,0.00000,0.00000,
1,5.30144,-7.99767,7.22271,0.95351,0.23238,0.09097,-0.16891,0.00000,0.00000,0.00000,
1,5.30587,-8.14349,7.16177,0.94813,0.25550,0.09029,-0.16620,0.00000,0.00000,0.00000,
1,5.31038,-8.29656,7.09647,0.94463,0.27139,0.08877,-0.16168,0.00000,0.00000,0.00000,
1,5.29966,-8.43064,7.03122,0.94186,0.28253,0.09049,-0.15779,0.00000,0.00000,0.00000,
1,5.28023,-8.56790,6.96930,0.93992,0.28880,0.09288,-0.15656,0.00000,0.00000,0.00000,
1,5.25732,-8.69629,6.90327,0.93693,0.29787,0.09132,-0.15839,0.00000,0.00000,0.00000,
1,5.22717,-8.82141,6.83249,0.93409,0.30584,0.08953,-0.16099,0.00000,0.00000,0.00000,
1,5.18397,-8.94205,6.77124,0.93147,0.31300,0.09317,-0.16036,0.00000,0.00000,0.00000,
1,5.14363,-9.05067,6.72022,0.92947,0.31925,0.09521,-0.15842,0.00000,0.00000,0.00000,
1,5.08197,-9.16278,6.64054,0.92852,0.32101,0.09860,-0.15839,0.00000,0.00000,0.00000,
1,5.02777,-9.26242,6.56206,0.92673,0.32594,0.09899,-0.15853,0.00000,0.00000,0.00000,
1,4.95755,-9.35761,6.48026,0.92254,0.33613,0.10104,-0.16041,0.00000,0.00000,0.00000,
1,4.88495,-9.44767,6.40642,0.91599,0.35040,0.10362,-0.16564,0.00000,0.00000,0.00000,
1,4.80349,-9.53464,6.31005,0.90794,0.36851,0.10211,-0.17152,0.00000,0.00000,0.00000,
1,4.73381,-9.61002,6.20817,0.90180,0.38246,0.09092,-0.17948,0.00000,0.00000,0.00000,
1,4.66703,-9.68038,6.11590,0.89759,0.39268,0.07746,-0.18474,0.00000,0.00000,0.00000,
1,4.60087,-9.74403,6.01134,0.89486,0.39908,0.06721,-0.18826,0.00000,0.00000,0.00000,
1,4.54973,-9.79545,5.91071,0.89346,0.40221,0.05662,-0.19173,0.00000,0.00000,0.00000,
1,4.50198,-9.84652,5.80714,0.89303,0.40268,0.05364,-0.19355,0.00000,0.00000,0.00000,
1,4.45278,-9.89399,5.70567,0.89284,0.40412,0.05846,-0.19000,0.00000,0.00000,0.00000,
1,4.39848,-9.92048,5.58873,0.89234,0.40551,0.06574,-0.18697,0.00000,0.00000,0.00000,
1,4.33733,-9.95345,5.49086,0.89332,0.40312,0.06459,-0.18788,0.00000,0.00000,0.00000,
1,4.27475,-9.98330,5.39932,0.89406,0.40090,0.06022,-0.19054,0.00000,0.00000,0.00000,
1,4.21724,-10.01056,5.31019,0.89194,0.40491,0.05535,-0.19349,0.00000,0.00000,0.00000,
1,4.16260,-10.03765,5.22619,0.88638,0.41455,0.05379,-0.19898,0.00000,0.00000,0.00000,
1,4.11342,-10.05406,5.12777,0.88132,0.42472,0.05233,-0.20036,0.00000,0.00000,0.00000,
1,4.08295,-10.07308,5.04434,0.87657,0.43355,0.05174,-0.20241,0.00000,0.00000,0.00000,
